concept_id,found_from,concept_name,domain_id,vocabulary_id,standard_concept,include,include_prev,colon,colon_prev,rectum,rectum_prev
760957,From initial search,Malignant carcinoid tumor of descending colon,Condition,SNOMED,standard,n,n,n,n,n,n
760958,From initial search,Malignant carcinoid tumor of ascending colon,Condition,SNOMED,standard,n,n,n,n,n,n
36538280,From initial search,"Solitary fibrous tumor, malignant of ascending colon",Condition,ICDO3,standard,n,n,n,n,n,n
37111620,From initial search,Malignant carcinoid tumor of colon,Condition,SNOMED,standard,n,n,n,n,n,n
36528352,From initial search,"Solitary fibrous tumor, malignant of colon, NOS",Condition,ICDO3,standard,n,n,n,n,n,n
36533114,From initial search,"Solitary fibrous tumor, malignant of transverse colon",Condition,ICDO3,standard,n,n,n,n,n,n
36562304,From initial search,"Solitary fibrous tumor, malignant of splenic flexure of colon",Condition,ICDO3,standard,n,n,n,n,n,n
36562748,From initial search,"Solitary fibrous tumor, malignant of sigmoid colon",Condition,ICDO3,standard,n,n,n,n,n,n
36542921,From initial search,"Solitary fibrous tumor, malignant of descending colon",Condition,ICDO3,standard,n,n,n,n,n,n
36544324,From initial search,"Solitary fibrous tumor, malignant of hepatic flexure of colon",Condition,ICDO3,standard,n,n,n,n,n,n
36517992,From initial search,"Solitary fibrous tumor, malignant of overlapping lesion of colon",Condition,ICDO3,standard,n,n,n,n,n,n
36552041,From initial search,"Solitary fibrous tumor, malignant of rectum, NOS",Condition,ICDO3,standard,n,n,n,n,n,n
36542473,From initial search,"Malignant Spitz tumor of overlapping lesion of rectum, anus and anal canal",Condition,ICDO3,standard,n,n,n,n,n,n
36555229,From initial search,"Malignant Spitz tumor of rectum, NOS",Condition,ICDO3,standard,n,n,n,n,n,n
37018934,From initial search,Malignant carcinoid tumor of rectum,Condition,SNOMED,standard,n,n,n,n,n,n
603310,From initial search,Primary malignant gastrointestinal stromal neoplasm of colon,Condition,SNOMED,standard,n,n,n,n,n,n
603311,From initial search,Primary malignant gastrointestinal stromal neoplasm of rectum,Condition,SNOMED,standard,n,n,n,n,n,n
36402417,From descendants,Tubular adenocarcinoma in situ of ascending colon,Condition,ICDO3,standard,n,n,n,n,n,n
36403006,From descendants,Adenocarcinoma in situ in familial polyp. coli of hepatic flexure of colon,Condition,ICDO3,standard,n,n,n,n,n,n
36403059,From descendants,Adenocarcinoma in situ in familial polyp. coli of ascending colon,Condition,ICDO3,standard,n,n,n,n,n,n
36403091,From descendants,Adenocarc. in situ in mult. adenomatous polyps of hepatic flexure of colon,Condition,ICDO3,standard,n,n,n,n,n,n
36403115,From descendants,Adenocarc. in situ in mult. adenomatous polyps of ascending colon,Condition,ICDO3,standard,n,n,n,n,n,n
36520829,From descendants,Gastrointestinal stromal tumor of hepatic flexure of colon,Condition,ICDO3,standard,n,n,n,n,n,n
36524657,From descendants,"Small cell carcinoma, fusiform cell of ascending colon",Condition,ICDO3,standard,n,n,n,n,n,n
36532129,From descendants,Malignant histiocytosis of ascending colon,Condition,ICDO3,standard,n,n,n,n,n,n
36539054,From descendants,Malignant histiocytosis of hepatic flexure of colon,Condition,ICDO3,standard,n,n,n,n,n,n
36541198,From descendants,Malignant mastocytosis of hepatic flexure of colon,Condition,ICDO3,standard,n,n,n,n,n,n
36541841,From descendants,Carcinofibroma of hepatic flexure of colon,Condition,ICDO3,standard,n,n,n,n,n,n
36550796,From descendants,Gastrointestinal stromal tumor of ascending colon,Condition,ICDO3,standard,n,n,n,n,n,n
44501181,From descendants,"Small cell carcinoma, NOS, of ascending colon",Condition,ICDO3,standard,n,n,n,n,n,n
36403009,From descendants,Adenocarcinoma in situ in familial polyp. coli of rectosigmoid junction,Condition,ICDO3,standard,n,n,n,n,n,n
36403010,From descendants,Adenocarcinoma in situ in familial polyp. coli of sigmoid colon,Condition,ICDO3,standard,n,n,n,n,n,n
36403093,From descendants,Adenocarc. in situ in mult. adenomatous polyps of sigmoid colon,Condition,ICDO3,standard,n,n,n,n,n,n
36403095,From descendants,Adenocarc. in situ in mult. adenomatous polyps of rectosigmoid junction,Condition,ICDO3,standard,n,n,n,n,n,n
36522585,From descendants,Malignant mastocytosis of sigmoid colon,Condition,ICDO3,standard,n,n,n,n,n,n
36526276,From descendants,Malignant mastocytosis of rectosigmoid junction,Condition,ICDO3,standard,n,n,n,n,n,n
36535776,From descendants,"Small cell carcinoma, NOS, of sigmoid colon",Condition,ICDO3,standard,n,n,n,n,n,n
36543690,From descendants,"Solitary fibrous tumor, malignant of rectosigmoid junction",Condition,ICDO3,standard,n,n,n,n,n,n
36545170,From descendants,Malignant histiocytosis of sigmoid colon,Condition,ICDO3,standard,n,n,n,n,n,n
36560584,From descendants,Carcinofibroma of rectosigmoid junction,Condition,ICDO3,standard,n,n,n,n,n,n
36562573,From descendants,Gastrointestinal stromal tumor of rectosigmoid junction,Condition,ICDO3,standard,n,n,n,n,n,n
36562593,From descendants,Malignant histiocytosis of rectosigmoid junction,Condition,ICDO3,standard,n,n,n,n,n,n
36567229,From descendants,"Small cell carcinoma, fusiform cell of sigmoid colon",Condition,ICDO3,standard,n,n,n,n,n,n
42512414,From descendants,"Mesonephroma, malignant of sigmoid colon",Condition,ICDO3,standard,n,n,n,n,n,n
44501742,From descendants,"Epithelioid mesothelioma, malignant of sigmoid colon",Condition,ICDO3,standard,n,n,n,n,n,n
44502351,From descendants,Gastrointestinal stromal tumor of sigmoid colon,Condition,ICDO3,standard,n,n,n,n,n,n
36403042,From descendants,Adenocarcinoma in situ in familial polyp. coli of splenic flexure of colon,Condition,ICDO3,standard,n,n,n,n,n,n
36403044,From descendants,Adenocarcinoma in situ in familial polyp. coli of descending colon,Condition,ICDO3,standard,n,n,n,n,n,n
36403139,From descendants,Adenocarc. in situ in mult. adenomatous polyps of splenic flexure of colon,Condition,ICDO3,standard,n,n,n,n,n,n
36403152,From descendants,Adenocarc. in situ in mult. adenomatous polyps of descending colon,Condition,ICDO3,standard,n,n,n,n,n,n
36521495,From descendants,"Small cell carcinoma, fusiform cell of splenic flexure of colon",Condition,ICDO3,standard,n,n,n,n,n,n
36522659,From descendants,Gastrointestinal stromal tumor of descending colon,Condition,ICDO3,standard,n,n,n,n,n,n
36522868,From descendants,Gastrointestinal stromal tumor of splenic flexure of colon,Condition,ICDO3,standard,n,n,n,n,n,n
36527351,From descendants,"Small cell carcinoma, fusiform cell of descending colon",Condition,ICDO3,standard,n,n,n,n,n,n
36527707,From descendants,Carcinofibroma of descending colon,Condition,ICDO3,standard,n,n,n,n,n,n
36532625,From descendants,Malignant histiocytosis of descending colon,Condition,ICDO3,standard,n,n,n,n,n,n
36535343,From descendants,Malignant mastocytosis of descending colon,Condition,ICDO3,standard,n,n,n,n,n,n
36554146,From descendants,"Small cell carcinoma, NOS, of descending colon",Condition,ICDO3,standard,n,n,n,n,n,n
36561659,From descendants,"Small cell carcinoma, NOS, of splenic flexure of colon",Condition,ICDO3,standard,n,n,n,n,n,n
36565139,From descendants,Malignant histiocytosis of splenic flexure of colon,Condition,ICDO3,standard,n,n,n,n,n,n
36566616,From descendants,Malignant mastocytosis of splenic flexure of colon,Condition,ICDO3,standard,n,n,n,n,n,n
36567869,From descendants,Carcinofibroma of splenic flexure of colon,Condition,ICDO3,standard,n,n,n,n,n,n
36403036,From descendants,Adenocarcinoma in situ in familial polyp. coli of transverse colon,Condition,ICDO3,standard,n,n,n,n,n,n
36403109,From descendants,Adenocarc. in situ in mult. adenomatous polyps of transverse colon,Condition,ICDO3,standard,n,n,n,n,n,n
36530022,From descendants,Malignant histiocytosis of transverse colon,Condition,ICDO3,standard,n,n,n,n,n,n
36548221,From descendants,Malignant mastocytosis of transverse colon,Condition,ICDO3,standard,n,n,n,n,n,n
36551281,From descendants,Carcinofibroma of transverse colon,Condition,ICDO3,standard,n,n,n,n,n,n
44500944,From descendants,Malignant fibrous histiocytoma of transverse colon,Condition,ICDO3,standard,n,n,n,n,n,n
44502130,From descendants,Gastrointestinal stromal tumor of transverse colon,Condition,ICDO3,standard,n,n,n,n,n,n
3182516,From descendants,Multiple colorectal cancers,Condition,Nebraska Lexicon,standard,n,n,n,n,n,n
36403020,From descendants,Adenocarcinoma in situ in familial polyp. coli of overlapping lesion of colon,Condition,ICDO3,standard,n,n,n,n,n,n
36403070,From descendants,"Adenocarcinoma in situ in familial polyp. coli of colon, NOS",Condition,ICDO3,standard,n,n,n,n,n,n
36403128,From descendants,"Adenocarc. in situ in mult. adenomatous polyps of colon, NOS",Condition,ICDO3,standard,n,n,n,n,n,n
36403134,From descendants,Adenocarc. in situ in mult. adenomatous polyps of overlapping lesion of colon,Condition,ICDO3,standard,n,n,n,n,n,n
36525026,From descendants,"Carcinofibroma of colon, NOS",Condition,ICDO3,standard,n,n,n,n,n,n
36525049,From descendants,"Small cell carcinoma, NOS, of overlapping lesion of colon",Condition,ICDO3,standard,n,n,n,n,n,n
36528759,From descendants,"Malignant histiocytosis of colon, NOS",Condition,ICDO3,standard,n,n,n,n,n,n
36530101,From descendants,Malignant mastocytosis of overlapping lesion of colon,Condition,ICDO3,standard,n,n,n,n,n,n
36531478,From descendants,"Small cell carcinoma, fusiform cell of colon, NOS",Condition,ICDO3,standard,n,n,n,n,n,n
36535586,From descendants,Malignant histiocytosis of overlapping lesion of colon,Condition,ICDO3,standard,n,n,n,n,n,n
36539781,From descendants,"Malignant mastocytosis of colon, NOS",Condition,ICDO3,standard,n,n,n,n,n,n
36549133,From descendants,"Gastrointestinal stromal tumor of colon, NOS",Condition,ICDO3,standard,n,n,n,n,n,n
36552451,From descendants,"Small cell carcinoma, fusiform cell of overlapping lesion of colon",Condition,ICDO3,standard,n,n,n,n,n,n
36563626,From descendants,Gastrointestinal stromal tumor of overlapping lesion of colon,Condition,ICDO3,standard,n,n,n,n,n,n
36566840,From descendants,Carcinofibroma of overlapping lesion of colon,Condition,ICDO3,standard,n,n,n,n,n,n
44500118,From descendants,"Small cell carcinoma, NOS, of colon, NOS",Condition,ICDO3,standard,n,n,n,n,n,n
44501314,From descendants,"CNS embryonal tumor, NOS, of colon, NOS",Condition,ICDO3,standard,n,n,n,n,n,n
3184757,From descendants,Stage I carcinoma of rectum,Condition,Nebraska Lexicon,standard,n,n,n,n,n,n
4283611,From descendants,Malignant tumor involving rectum by direct extension from endometrium,Condition,SNOMED,standard,n,n,n,n,n,n
4289090,From descendants,Malignant tumor involving rectum by direct extension from ovary,Condition,SNOMED,standard,n,n,n,n,n,n
4289091,From descendants,Malignant tumor involving rectum by direct extension from uterus,Condition,SNOMED,standard,n,n,n,n,n,n
4289092,From descendants,Malignant tumor involving rectum by direct extension from vagina,Condition,SNOMED,standard,n,n,n,n,n,n
4289245,From descendants,Malignant tumor involving rectum by direct extension from fallopian tube,Condition,SNOMED,standard,n,n,n,n,n,n
4289246,From descendants,Malignant tumor involving rectum by direct extension from prostate,Condition,SNOMED,standard,n,n,n,n,n,n
4289247,From descendants,Malignant tumor involving rectum by direct extension from uterine cervix,Condition,SNOMED,standard,n,n,n,n,n,n
36403056,From descendants,"Adenocarcinoma in situ in familial polyp. coli of rectum, NOS",Condition,ICDO3,standard,n,n,n,n,n,n
36403102,From descendants,"Carcinoid tumor, in situ of rectum, NOS",Condition,ICDO3,standard,n,n,n,n,n,n
36403112,From descendants,"Adenocarc. in situ in mult. adenomatous polyps of rectum, NOS",Condition,ICDO3,standard,n,n,n,n,n,n
36518285,From descendants,"Malignant histiocytosis of rectum, NOS",Condition,ICDO3,standard,n,n,n,n,n,n
36544008,From descendants,"Carcinofibroma of rectum, NOS",Condition,ICDO3,standard,n,n,n,n,n,n
36544453,From descendants,"Malignant mastocytosis of rectum, NOS",Condition,ICDO3,standard,n,n,n,n,n,n
44502405,From descendants,"Gastrointestinal stromal tumor of rectum, NOS",Condition,ICDO3,standard,n,n,n,n,n,n
80045,From descendants,Primary malignant neoplasm of anus,Condition,SNOMED,standard,n,n,n,n,n,n
436348,From descendants,Primary malignant neoplasm of anal canal,Condition,SNOMED,standard,n,n,n,n,n,n
608069,From descendants,Malignant mesenchymal neoplasm of anus,Condition,SNOMED,standard,n,n,n,n,n,n
609194,From descendants,Primary squamous cell carcinoma of skin of anus,Condition,SNOMED,standard,n,n,n,n,n,n
4111023,From descendants,Malignant tumor of anus and anal canal,Condition,SNOMED,non-standard,n,n,n,n,n,n
4112143,From descendants,Carcinoma of anal canal,Condition,SNOMED,standard,n,n,n,n,n,n
4116241,From descendants,Squamous cell carcinoma of anal margin,Condition,SNOMED,standard,n,n,n,n,n,n
4180780,From descendants,Malignant tumor of anal canal,Condition,SNOMED,standard,n,n,n,n,n,n
4180911,From descendants,Malignant tumor of anus,Condition,SNOMED,standard,n,n,n,n,n,n
4309574,From descendants,Adenocarcinoma of anus,Condition,SNOMED,standard,n,n,n,n,n,n
35622690,From descendants,Adenocarcinoma of anal canal,Condition,SNOMED,standard,n,n,n,n,n,n
36403073,From descendants,"Basaloid carcinoma, in situ (C21.1) of anal canal",Condition,ICDO3,standard,n,n,n,n,n,n
36517221,From descendants,"Carcinoma, diffuse type of anal canal",Condition,ICDO3,standard,n,n,n,n,n,n
36517317,From descendants,Intraductal papillary adenocarcinoma with invasion of anal canal,Condition,ICDO3,standard,n,n,n,n,n,n
36517408,From descendants,"Infiltrating duct carcinoma, NOS, of anal canal",Condition,ICDO3,standard,n,n,n,n,n,n
36517635,From descendants,"Adenocarcinoma with mixed subtypes of anus, NOS",Condition,ICDO3,standard,n,n,n,n,n,n
36518718,From descendants,"Mucin-producing adenocarcinoma of anus, NOS",Condition,ICDO3,standard,n,n,n,n,n,n
36519294,From descendants,Adenocarcinoma with squamous metaplasia of anal canal,Condition,ICDO3,standard,n,n,n,n,n,n
36520181,From descendants,"Basal cell carcinoma, NOS, of anal canal",Condition,ICDO3,standard,n,n,n,n,n,n
36521073,From descendants,Scirrhous adenocarcinoma of anal canal,Condition,ICDO3,standard,n,n,n,n,n,n
36521561,From descendants,Villous adenocarcinoma of anal canal,Condition,ICDO3,standard,n,n,n,n,n,n
36521861,From descendants,"Malignant mastocytosis of anus, NOS",Condition,ICDO3,standard,n,n,n,n,n,n
36521960,From descendants,"Basal cell adenocarcinoma of anus, NOS",Condition,ICDO3,standard,n,n,n,n,n,n
36522058,From descendants,"Papillary carcinoma, NOS, of anal canal",Condition,ICDO3,standard,n,n,n,n,n,n
36524414,From descendants,"Adenocarcinoma of anal glands of anus, NOS",Condition,ICDO3,standard,n,n,n,n,n,n
36526999,From descendants,"Scirrhous adenocarcinoma of anus, NOS",Condition,ICDO3,standard,n,n,n,n,n,n
36528961,From descendants,"Carcinoma, anaplastic, NOS, of anus, NOS",Condition,ICDO3,standard,n,n,n,n,n,n
36529575,From descendants,Superficial spreading adenocarcinoma of anal canal,Condition,ICDO3,standard,n,n,n,n,n,n
36530327,From descendants,"Carcinoma, undifferentiated, NOS, of anus, NOS",Condition,ICDO3,standard,n,n,n,n,n,n
36530554,From descendants,"Hepatoid adenocarcinoma of anus, NOS",Condition,ICDO3,standard,n,n,n,n,n,n
36532138,From descendants,"Adenocarcinoma with cartilaginous and osseous metaplasia of anus, NOS",Condition,ICDO3,standard,n,n,n,n,n,n
36532589,From descendants,"Adenocarcinoma with squamous metaplasia of anus, NOS",Condition,ICDO3,standard,n,n,n,n,n,n
36532938,From descendants,Adenocarcinoma with apocrine metaplasia of anal canal,Condition,ICDO3,standard,n,n,n,n,n,n
36533040,From descendants,"Squamous cell carcinoma, microinvasive of anus, NOS",Condition,ICDO3,standard,n,n,n,n,n,n
36533076,From descendants,"Large cell carcinoma, NOS, of anal canal",Condition,ICDO3,standard,n,n,n,n,n,n
36533358,From descendants,"Basal cell carcinoma, NOS, of anus, NOS",Condition,ICDO3,standard,n,n,n,n,n,n
36534023,From descendants,"Intraductal papillary adenocarcinoma with invasion of anus, NOS",Condition,ICDO3,standard,n,n,n,n,n,n
36534666,From descendants,"Adenocarcinoid tumor of anus, NOS",Condition,ICDO3,standard,n,n,n,n,n,n
36534900,From descendants,Basal cell adenocarcinoma of anal canal,Condition,ICDO3,standard,n,n,n,n,n,n
36535019,From descendants,"Adenocarcinoma in villous adenoma of anus, NOS",Condition,ICDO3,standard,n,n,n,n,n,n
36537001,From descendants,Adenocarcinoma in tubulovillous adenoma of anal canal,Condition,ICDO3,standard,n,n,n,n,n,n
36537008,From descendants,"Mucoepidermoid carcinoma of anus, NOS",Condition,ICDO3,standard,n,n,n,n,n,n
36537438,From descendants,"Epithelioma, malignant of anal canal",Condition,ICDO3,standard,n,n,n,n,n,n
36538519,From descendants,"Squamous cell carcinoma, adenoid of anal canal",Condition,ICDO3,standard,n,n,n,n,n,n
36539080,From descendants,"Carcinoma, diffuse type of anus, NOS",Condition,ICDO3,standard,n,n,n,n,n,n
36541021,From descendants,"Mucinous adenocarcinoma of anus, NOS",Condition,ICDO3,standard,n,n,n,n,n,n
36541436,From descendants,"Adenocarcinoma with apocrine metaplasia of anus, NOS",Condition,ICDO3,standard,n,n,n,n,n,n
36541472,From descendants,Malignant Spitz tumor of anal canal,Condition,ICDO3,standard,n,n,n,n,n,n
36541971,From descendants,"Epithelioma, malignant of anus, NOS",Condition,ICDO3,standard,n,n,n,n,n,n
36542513,From descendants,"Adenosquamous carcinoma of anus, NOS",Condition,ICDO3,standard,n,n,n,n,n,n
36543099,From descendants,"Paget disease, extramammary of anal canal",Condition,ICDO3,standard,n,n,n,n,n,n
36544554,From descendants,"Squamous cell carcinoma, spindle cell of anal canal",Condition,ICDO3,standard,n,n,n,n,n,n
36544780,From descendants,Pleomorphic carcinoma of anal canal,Condition,ICDO3,standard,n,n,n,n,n,n
36545219,From descendants,"Malignant Spitz tumor of anus, NOS",Condition,ICDO3,standard,n,n,n,n,n,n
36545280,From descendants,"Squamous cell carcinoma, microinvasive of anal canal",Condition,ICDO3,standard,n,n,n,n,n,n
36545296,From descendants,"Small cell carcinoma, fusiform cell of anal canal",Condition,ICDO3,standard,n,n,n,n,n,n
36545963,From descendants,Hepatoid adenocarcinoma of anal canal,Condition,ICDO3,standard,n,n,n,n,n,n
36546661,From descendants,"Papillary adenocarcinoma, NOS, of anus, NOS",Condition,ICDO3,standard,n,n,n,n,n,n
36548023,From descendants,"Papillary carcinoma, NOS, of anus, NOS",Condition,ICDO3,standard,n,n,n,n,n,n
36548403,From descendants,"Villous adenocarcinoma of anus, NOS",Condition,ICDO3,standard,n,n,n,n,n,n
36549674,From descendants,"Glassy cell carcinoma of anus, NOS",Condition,ICDO3,standard,n,n,n,n,n,n
36550137,From descendants,"Superficial spreading adenocarcinoma of anus, NOS",Condition,ICDO3,standard,n,n,n,n,n,n
36550401,From descendants,Adenocarcinoma with cartilaginous and osseous metaplasia of anal canal,Condition,ICDO3,standard,n,n,n,n,n,n
36551156,From descendants,Epithelial-myoepithelial carcinoma of anal canal,Condition,ICDO3,standard,n,n,n,n,n,n
36551588,From descendants,"Squamous cell carcinoma, adenoid of anus, NOS",Condition,ICDO3,standard,n,n,n,n,n,n
36551997,From descendants,Adenocarcinoid tumor of anal canal,Condition,ICDO3,standard,n,n,n,n,n,n
36552915,From descendants,Glassy cell carcinoma of anal canal,Condition,ICDO3,standard,n,n,n,n,n,n
36553083,From descendants,Malignant mastocytosis of anal canal,Condition,ICDO3,standard,n,n,n,n,n,n
36553363,From descendants,Mucin-producing adenocarcinoma of anal canal,Condition,ICDO3,standard,n,n,n,n,n,n
36554462,From descendants,"Paget disease, extramammary of anus, NOS",Condition,ICDO3,standard,n,n,n,n,n,n
36555014,From descendants,"Epithelial-myoepithelial carcinoma of anus, NOS",Condition,ICDO3,standard,n,n,n,n,n,n
36555692,From descendants,"Adenocarcinoma of anal glands of overlapping lesion of rectum, anus and anal canal",Condition,ICDO3,standard,n,n,n,n,n,n
36555850,From descendants,"Squamous cell carcinoma, spindle cell of anus, NOS",Condition,ICDO3,standard,n,n,n,n,n,n
36556904,From descendants,"Metaplastic carcinoma, NOS, of anal canal",Condition,ICDO3,standard,n,n,n,n,n,n
36557109,From descendants,Adenocarcinoma in villous adenoma of anal canal,Condition,ICDO3,standard,n,n,n,n,n,n
36558965,From descendants,"Carcinoma, undifferentiated, NOS, of anal canal",Condition,ICDO3,standard,n,n,n,n,n,n
36559342,From descendants,"Carcinoma, anaplastic, NOS, of anal canal",Condition,ICDO3,standard,n,n,n,n,n,n
36559815,From descendants,"Paget disease, extramammary of overlapping lesion of rectum, anus and anal canal",Condition,ICDO3,standard,n,n,n,n,n,n
36562721,From descendants,"Schneiderian carcinoma of anus, NOS",Condition,ICDO3,standard,n,n,n,n,n,n
36563501,From descendants,"Malignant histiocytosis of anus, NOS",Condition,ICDO3,standard,n,n,n,n,n,n
36564202,From descendants,"Metaplastic carcinoma, NOS, of anus, NOS",Condition,ICDO3,standard,n,n,n,n,n,n
36564390,From descendants,Mucoepidermoid carcinoma of anal canal,Condition,ICDO3,standard,n,n,n,n,n,n
36564578,From descendants,"Malignant mastocytosis of overlapping lesion of rectum, anus and anal canal",Condition,ICDO3,standard,n,n,n,n,n,n
36565117,From descendants,"Small cell carcinoma, fusiform cell of anus, NOS",Condition,ICDO3,standard,n,n,n,n,n,n
36565210,From descendants,Adenocarcinoma with mixed subtypes of anal canal,Condition,ICDO3,standard,n,n,n,n,n,n
36565390,From descendants,"Papillary adenocarcinoma, NOS, of anal canal",Condition,ICDO3,standard,n,n,n,n,n,n
36565511,From descendants,Malignant histiocytosis of anal canal,Condition,ICDO3,standard,n,n,n,n,n,n
36566313,From descendants,"Pleomorphic carcinoma of anus, NOS",Condition,ICDO3,standard,n,n,n,n,n,n
36566743,From descendants,"Adenocarcinoma in adenomatous polyp of anus, NOS",Condition,ICDO3,standard,n,n,n,n,n,n
36566924,From descendants,"Adenocarcinoma in tubulovillous adenoma of anus, NOS",Condition,ICDO3,standard,n,n,n,n,n,n
36567029,From descendants,Schneiderian carcinoma of anal canal,Condition,ICDO3,standard,n,n,n,n,n,n
36567108,From descendants,"Large cell carcinoma, NOS, of anus, NOS",Condition,ICDO3,standard,n,n,n,n,n,n
36715921,From descendants,Primary cloacogenic carcinoma of anal canal,Condition,SNOMED,standard,n,n,n,n,n,n
36716511,From descendants,Primary squamous cell carcinoma of anal canal,Condition,SNOMED,standard,n,n,n,n,n,n
36716972,From descendants,Primary squamous cell carcinoma of anus,Condition,SNOMED,standard,n,n,n,n,n,n
37016237,From descendants,Primary adenocarcinoma of anus,Condition,SNOMED,standard,n,n,n,n,n,n
37395579,From descendants,Paget disease of anal canal,Condition,SNOMED,standard,n,n,n,n,n,n
40487139,From descendants,Carcinoma of skin of anus,Condition,SNOMED,standard,n,n,n,n,n,n
40489405,From descendants,Carcinoma of anus,Condition,SNOMED,standard,n,n,n,n,n,n
42511959,From descendants,"Paget disease (in situ), extramammary (except Paget disease of bone) (C50._) of anus, NOS",Condition,ICDO3,standard,n,n,n,n,n,n
42512558,From descendants,Combined small cell carcinoma of anal canal,Condition,ICDO3,standard,n,n,n,n,n,n
42512658,From descendants,"Combined small cell carcinoma of anus, NOS",Condition,ICDO3,standard,n,n,n,n,n,n
42512883,From descendants,"Paget disease (in situ), extramammary (except Paget disease of bone) (C50._) of overlapping lesion of rectum, anus and anal canal",Condition,ICDO3,standard,n,n,n,n,n,n
42512981,From descendants,"Paget disease (in situ), extramammary (except Paget disease of bone) (C50._) of anal canal",Condition,ICDO3,standard,n,n,n,n,n,n
44499424,From descendants,"Verrucous carcinoma, NOS, of anus, NOS",Condition,ICDO3,standard,n,n,n,n,n,n
44499487,From descendants,"Squamous cell carcinoma, NOS, of anal canal",Condition,ICDO3,standard,n,n,n,n,n,n
44499632,From descendants,"Basaloid squamous cell carcinoma of anus, NOS",Condition,ICDO3,standard,n,n,n,n,n,n
44499714,From descendants,"Small cell carcinoma, NOS, of anus, NOS",Condition,ICDO3,standard,n,n,n,n,n,n
44499961,From descendants,Basosquamous carcinoma of anal canal,Condition,ICDO3,standard,n,n,n,n,n,n
44500120,From descendants,Papillary squamous cell carcinoma of anal canal,Condition,ICDO3,standard,n,n,n,n,n,n
44500126,From descendants,Basaloid squamous cell carcinoma of anal canal,Condition,ICDO3,standard,n,n,n,n,n,n
44500128,From descendants,Basaloid carcinoma of anal canal,Condition,ICDO3,standard,n,n,n,n,n,n
44500203,From descendants,Mucinous adenocarcinoma of anal canal,Condition,ICDO3,standard,n,n,n,n,n,n
44500289,From descendants,"Adenocarcinoma, NOS, of anus, NOS",Condition,ICDO3,standard,n,n,n,n,n,n
44500368,From descendants,"Infiltrating duct carcinoma, NOS, of anus, NOS",Condition,ICDO3,standard,n,n,n,n,n,n
44500574,From descendants,"Small cell carcinoma, NOS, of anal canal",Condition,ICDO3,standard,n,n,n,n,n,n
44500708,From descendants,"Carcinoma, NOS, of anus, NOS",Condition,ICDO3,standard,n,n,n,n,n,n
44500844,From descendants,"Papillary squamous cell carcinoma of anus, NOS",Condition,ICDO3,standard,n,n,n,n,n,n
44501074,From descendants,Cloacogenic carcinoma of anal canal,Condition,ICDO3,standard,n,n,n,n,n,n
44501340,From descendants,"Adenocarcinoma, NOS, of anal canal",Condition,ICDO3,standard,n,n,n,n,n,n
44501473,From descendants,"Verrucous carcinoma, NOS, of anal canal",Condition,ICDO3,standard,n,n,n,n,n,n
44501719,From descendants,Adenocarcinoma in adenomatous polyp of anal canal,Condition,ICDO3,standard,n,n,n,n,n,n
44501899,From descendants,Adenosquamous carcinoma of anal canal,Condition,ICDO3,standard,n,n,n,n,n,n
44502099,From descendants,Adenocarcinoma of anal glands of anal canal,Condition,ICDO3,standard,n,n,n,n,n,n
44502451,From descendants,"Squamous cell carcinoma, NOS, of anus, NOS",Condition,ICDO3,standard,n,n,n,n,n,n
44502613,From descendants,"Cloacogenic carcinoma of anus, NOS",Condition,ICDO3,standard,n,n,n,n,n,n
44502814,From descendants,"Basaloid carcinoma of anus, NOS",Condition,ICDO3,standard,n,n,n,n,n,n
44503376,From descendants,"Neoplasm, malignant of anus, NOS",Condition,ICDO3,standard,n,n,n,n,n,n
44503381,From descendants,"Neoplasm, malignant of anal canal",Condition,ICDO3,standard,n,n,n,n,n,n
44503384,From descendants,"Carcinoma, NOS, of anal canal",Condition,ICDO3,standard,n,n,n,n,n,n
3185991,From initial search,Presence of discontinuous tumor deposits in pericolic tissue of primary malignant neoplasm of colon,Observation,Nebraska Lexicon,standard,n,n,n,n,n,n
764545,From initial search,Family history of malignant tumor of rectum,Observation,SNOMED,standard,n,n,n,n,n,n
37208104,From initial search,Screening for malignant neoplasm of colon done,Observation,SNOMED,standard,n,n,n,n,n,n
42535054,From initial search,Family history of malignant neoplasm of colon over age 50,Observation,SNOMED,standard,n,n,n,n,n,n
3170323,From initial search,NRAS sequence variant identified in excised malignant neoplasm of colon,Observation,Nebraska Lexicon,standard,n,n,n,n,n,n
3171060,From initial search,PIK3CA sequence variant identified in excised malignant neoplasm of colon,Observation,Nebraska Lexicon,standard,n,n,n,n,n,n
3171491,From initial search,Site of excised primary malignant neoplasm of rectosigmoid colon relative to peritoneal reflection,Observation,Nebraska Lexicon,standard,n,n,n,n,n,n
3173342,From initial search,Status of PTEN sequence variant detection in excised malignant neoplasm of colon,Observation,Nebraska Lexicon,standard,n,n,n,n,n,n
3173915,From initial search,Presence of invasion by primary malignant neoplasm of colon in vein in colonic submucosa and/or colonic muscularis propria,Observation,Nebraska Lexicon,standard,n,n,n,n,n,n
3174965,From initial search,KRAS sequence variant identified in excised malignant neoplasm of colon,Observation,Nebraska Lexicon,standard,n,n,n,n,n,n
3176015,From initial search,NRAS nucleotide sequence detected in excised malignant neoplasm of colon,Observation,Nebraska Lexicon,standard,n,n,n,n,n,n
3176372,From initial search,Status of NRAS sequence variant detection in excised malignant neoplasm of colon,Observation,Nebraska Lexicon,standard,n,n,n,n,n,n
3177053,From initial search,Uninvolved surgical margins closest to carcinoma in specimen of excised malignant neoplasm of colon,Observation,Nebraska Lexicon,standard,n,n,n,n,n,n
3178338,From initial search,Histologic grade of excised malignant neoplasm of colon,Observation,Nebraska Lexicon,standard,n,n,n,n,n,n
3180870,From initial search,Abdominal organs adherent to excised malignant neoplasm of colon,Observation,Nebraska Lexicon,standard,n,n,n,n,n,n
3180884,From initial search,Status of BRAF sequence variant detection in excised malignant neoplasm of colon,Observation,Nebraska Lexicon,standard,n,n,n,n,n,n
937653,From initial search,"Surveillance colonoscopy - personal history of colonic polyps, colon cancer, or other malignant neoplasm of rectum, rectosigmoid junction, and anus",Observation,HCPCS,standard,n,n,n,n,n,n
3183418,From initial search,Status of KRAS sequence variant detection in excised malignant neoplasm of colon,Observation,Nebraska Lexicon,standard,n,n,n,n,n,n
3183723,From initial search,Tissue structure invaded not transperitoneally by direct extension of primary malignant neoplasm of colon,Observation,Nebraska Lexicon,standard,n,n,n,n,n,n
3184103,From initial search,Tissue structure invaded by direct extension of primary malignant neoplasm of colon,Observation,Nebraska Lexicon,standard,n,n,n,n,n,n
3185199,From initial search,Histologic type of primary malignant neoplasm of colon,Observation,Nebraska Lexicon,standard,n,n,n,n,n,n
3187738,From initial search,Status of PIK3CA sequence variant detection in excised malignant neoplasm of colon,Observation,Nebraska Lexicon,standard,n,n,n,n,n,n
3188429,From initial search,Presence of invasion by primary malignant neoplasm of colon in vein in pericolic tissue,Observation,Nebraska Lexicon,standard,n,n,n,n,n,n
3188664,From initial search,KRAS nucleotide sequence detected in excised malignant neoplasm of colon,Observation,Nebraska Lexicon,standard,n,n,n,n,n,n
3190042,From initial search,BRAF sequence variant identified in excised malignant neoplasm of colon,Observation,Nebraska Lexicon,standard,n,n,n,n,n,n
3190403,From initial search,PTEN sequence variant identified in excised malignant neoplasm of colon,Observation,Nebraska Lexicon,standard,n,n,n,n,n,n
435754,From initial search,Malignant tumor of ascending colon,Condition,SNOMED,standard,y,y,y,y,n,n
443381,From initial search,Malignant tumor of sigmoid colon,Condition,SNOMED,standard,y,y,y,y,n,n
443382,From initial search,Malignant tumor of descending colon,Condition,SNOMED,standard,y,y,y,y,n,n
443384,From initial search,Malignant tumor of transverse colon,Condition,SNOMED,standard,y,y,y,y,n,n
4201482,From initial search,Local recurrence of malignant tumor of colon,Condition,SNOMED,standard,n,y,n,y,n,n
4180790,From initial search,Malignant tumor of colon,Condition,SNOMED,standard,y,y,y,y,n,n
443390,From initial search,Malignant tumor of rectum,Condition,SNOMED,standard,y,y,n,n,y,y
4196256,From initial search,Local recurrence of malignant tumor of rectum,Condition,SNOMED,standard,n,y,n,n,n,y
79740,From initial search,Overlapping malignant neoplasm of colon,Condition,SNOMED,standard,y,y,y,y,n,n
197500,From initial search,Primary malignant neoplasm of colon,Condition,SNOMED,standard,y,y,y,y,n,n
432257,From initial search,Primary malignant neoplasm of transverse colon,Condition,SNOMED,standard,y,y,y,y,n,n
436635,From initial search,Primary malignant neoplasm of sigmoid colon,Condition,SNOMED,standard,y,y,y,y,n,n
437798,From initial search,Primary malignant neoplasm of splenic flexure of colon,Condition,SNOMED,standard,y,y,y,y,n,n
438979,From initial search,Primary malignant neoplasm of hepatic flexure of colon,Condition,SNOMED,standard,y,y,y,y,n,n
441800,From initial search,Primary malignant neoplasm of descending colon,Condition,SNOMED,standard,y,y,y,y,n,n
4089661,From initial search,"Malignant neoplasm, overlapping lesion of colon",Condition,SNOMED,standard,y,y,y,y,n,n
4092078,From initial search,Malignant neoplasm of mesocolon,Condition,SNOMED,standard,y,y,y,y,n,n
36683531,From initial search,Malignant neoplasm of colon and/or rectum,Condition,SNOMED,standard,y,y,n,n,y,y
44504364,From initial search,"Neoplasm, malignant of splenic flexure of colon",Condition,ICDO3,standard,y,y,y,y,n,n
36541030,From initial search,"Neoplasm, malignant of overlapping lesion of colon",Condition,ICDO3,standard,y,y,y,y,n,n
37018659,From initial search,Overlapping malignant neoplasm of colon and rectum,Condition,SNOMED,standard,y,y,n,n,n,n
4247360,From initial search,Primary malignant neoplasm of the mesocolon,Condition,SNOMED,standard,y,y,y,y,n,n
4247719,From initial search,Primary malignant neoplasm of ascending colon,Condition,SNOMED,standard,y,y,y,y,n,n
74582,From initial search,Primary malignant neoplasm of rectum,Condition,SNOMED,standard,y,y,n,n,y,y
438090,From initial search,"Overlapping malignant neoplasm of rectum, anus and anal canal",Condition,SNOMED,standard,y,y,n,n,y,y
4095430,From initial search,"Malignant neoplasm of rectum, rectosigmoid junction and anus",Condition,SNOMED,standard,y,y,n,n,y,y
4287939,From initial search,Rectum involved by direct extension of malignant neoplasm,Condition,SNOMED,standard,y,y,n,n,y,y
36549045,From initial search,"Neoplasm, malignant of overlapping lesion of rectum, anus and anal canal",Condition,ICDO3,standard,y,y,n,n,n,n
40481902,From initial search,Malignant neoplasm of anorectum,Condition,SNOMED,standard,y,y,n,n,y,y
4089667,From initial search,Malignant neoplasm of mesorectum,Condition,SNOMED,standard,y,y,n,n,y,y
4180791,From descendants,Malignant tumor of hepatic flexure,Condition,SNOMED,standard,y,y,y,y,n,n
4207182,From descendants,Carcinoma of ascending colon,Condition,SNOMED,standard,y,y,y,y,n,n
4207183,From descendants,Carcinoma of hepatic flexure,Condition,SNOMED,standard,y,y,y,y,n,n
36517666,From descendants,"Medullary carcinoma, NOS, of hepatic flexure of colon",Condition,ICDO3,standard,y,y,y,y,n,n
36517899,From descendants,"Solid carcinoma, NOS, of ascending colon",Condition,ICDO3,standard,y,y,y,y,n,n
36518315,From descendants,Adenocarcinoma in multiple adenomatous polyps of ascending colon,Condition,ICDO3,standard,y,y,y,y,n,n
36518448,From descendants,Basal cell adenocarcinoma of ascending colon,Condition,ICDO3,standard,y,y,y,y,n,n
36518724,From descendants,Villous adenocarcinoma of ascending colon,Condition,ICDO3,standard,y,y,y,y,n,n
36519516,From descendants,Adenocarcinoid tumor of hepatic flexure of colon,Condition,ICDO3,standard,y,y,y,y,n,n
36519612,From descendants,Pleomorphic carcinoma of hepatic flexure of colon,Condition,ICDO3,standard,y,y,y,y,n,n
36519642,From descendants,"Metaplastic carcinoma, NOS, of ascending colon",Condition,ICDO3,standard,y,y,y,y,n,n
36520999,From descendants,"Verrucous carcinoma, NOS, of ascending colon",Condition,ICDO3,standard,y,y,y,y,n,n
36522380,From descendants,"Epithelioma, malignant of hepatic flexure of colon",Condition,ICDO3,standard,y,y,y,y,n,n
36522630,From descendants,"Papillary carcinoma, NOS, of ascending colon",Condition,ICDO3,standard,y,y,y,y,n,n
36523103,From descendants,"Papillary carcinoma, NOS, of hepatic flexure of colon",Condition,ICDO3,standard,y,y,y,y,n,n
36524117,From descendants,Adenocarcinoma with cartilaginous and osseous metaplasia of hepatic flexure of colon,Condition,ICDO3,standard,y,y,y,y,n,n
36524523,From descendants,Mucoepidermoid carcinoma of ascending colon,Condition,ICDO3,standard,y,y,y,y,n,n
36525408,From descendants,Adenocarcinoma with squamous metaplasia of hepatic flexure of colon,Condition,ICDO3,standard,y,y,y,y,n,n
36525772,From descendants,"Squamous cell carcinoma, spindle cell of ascending colon",Condition,ICDO3,standard,y,y,y,y,n,n
36526140,From descendants,"Spindle cell carcinoma, NOS, of ascending colon",Condition,ICDO3,standard,y,y,y,y,n,n
36527398,From descendants,"Carcinoma, anaplastic, NOS, of hepatic flexure of colon",Condition,ICDO3,standard,y,y,y,y,n,n
36528392,From descendants,"Metaplastic carcinoma, NOS, of hepatic flexure of colon",Condition,ICDO3,standard,y,y,y,y,n,n
36529294,From descendants,Epithelial-myoepithelial carcinoma of hepatic flexure of colon,Condition,ICDO3,standard,y,y,y,y,n,n
36529455,From descendants,Adenocarcinoma in adenomatous polyposis coli of hepatic flexure of colon,Condition,ICDO3,standard,y,y,y,y,n,n
36530070,From descendants,Carcinoma simplex of hepatic flexure of colon,Condition,ICDO3,standard,y,y,y,y,n,n
36530672,From descendants,"Verrucous carcinoma, NOS, of hepatic flexure of colon",Condition,ICDO3,standard,y,y,y,y,n,n
36531137,From descendants,"Large cell carcinoma, NOS, of ascending colon",Condition,ICDO3,standard,y,y,y,y,n,n
36531184,From descendants,Adenocarcinoma with cartilaginous and osseous metaplasia of ascending colon,Condition,ICDO3,standard,y,y,y,y,n,n
36531345,From descendants,"Carcinoma, diffuse type of ascending colon",Condition,ICDO3,standard,y,y,y,y,n,n
36531685,From descendants,Hepatoid adenocarcinoma of hepatic flexure of colon,Condition,ICDO3,standard,y,y,y,y,n,n
36532339,From descendants,Pleomorphic carcinoma of ascending colon,Condition,ICDO3,standard,y,y,y,y,n,n
36532842,From descendants,"Squamous cell carcinoma, adenoid of ascending colon",Condition,ICDO3,standard,y,y,y,y,n,n
36534455,From descendants,Carcinoma simplex of ascending colon,Condition,ICDO3,standard,y,y,y,y,n,n
36534602,From descendants,"Carcinoma, anaplastic, NOS, of ascending colon",Condition,ICDO3,standard,y,y,y,y,n,n
36535623,From descendants,Adenocarcinoma with squamous metaplasia of ascending colon,Condition,ICDO3,standard,y,y,y,y,n,n
36539380,From descendants,Adenocarcinoid tumor of ascending colon,Condition,ICDO3,standard,y,y,y,y,n,n
36539813,From descendants,Scirrhous adenocarcinoma of ascending colon,Condition,ICDO3,standard,y,y,y,y,n,n
36539862,From descendants,Superficial spreading adenocarcinoma of ascending colon,Condition,ICDO3,standard,y,y,y,y,n,n
36540509,From descendants,Myoepithelial carcinoma of ascending colon,Condition,ICDO3,standard,y,y,y,y,n,n
36540554,From descendants,Superficial spreading adenocarcinoma of hepatic flexure of colon,Condition,ICDO3,standard,y,y,y,y,n,n
36540653,From descendants,Adenosquamous carcinoma of hepatic flexure of colon,Condition,ICDO3,standard,y,y,y,y,n,n
36541753,From descendants,Polygonal cell carcinoma of ascending colon,Condition,ICDO3,standard,y,y,y,y,n,n
36543319,From descendants,"Carcinoma, diffuse type of hepatic flexure of colon",Condition,ICDO3,standard,y,y,y,y,n,n
36544152,From descendants,Glassy cell carcinoma of ascending colon,Condition,ICDO3,standard,y,y,y,y,n,n
36544807,From descendants,"Solid carcinoma, NOS, of hepatic flexure of colon",Condition,ICDO3,standard,y,y,y,y,n,n
36546337,From descendants,Adenocarcinoma in adenomatous polyposis coli of ascending colon,Condition,ICDO3,standard,y,y,y,y,n,n
36546604,From descendants,"Papillary adenocarcinoma, NOS, of hepatic flexure of colon",Condition,ICDO3,standard,y,y,y,y,n,n
36548322,From descendants,"Carcinoma, undifferentiated, NOS, of ascending colon",Condition,ICDO3,standard,y,y,y,y,n,n
36548330,From descendants,"Cystadenocarcinoma, NOS, of hepatic flexure of colon",Condition,ICDO3,standard,y,y,y,y,n,n
36549206,From descendants,"Carcinoma, undifferentiated, NOS, of hepatic flexure of colon",Condition,ICDO3,standard,y,y,y,y,n,n
36549738,From descendants,Villous adenocarcinoma of hepatic flexure of colon,Condition,ICDO3,standard,y,y,y,y,n,n
36550771,From descendants,"Epithelioma, malignant of ascending colon",Condition,ICDO3,standard,y,y,y,y,n,n
36552722,From descendants,Adenocarcinoma with mixed subtypes of hepatic flexure of colon,Condition,ICDO3,standard,y,y,y,y,n,n
36552866,From descendants,Tubular adenocarcinoma of ascending colon,Condition,ICDO3,standard,y,y,y,y,n,n
36553253,From descendants,Papillary squamous cell carcinoma of ascending colon,Condition,ICDO3,standard,y,y,y,y,n,n
36553691,From descendants,"Squamous cell carcinoma, microinvasive of ascending colon",Condition,ICDO3,standard,y,y,y,y,n,n
36554550,From descendants,Serrated adenocarcinoma of ascending colon,Condition,ICDO3,standard,y,y,y,y,n,n
36556197,From descendants,"Cystadenocarcinoma, NOS, of ascending colon",Condition,ICDO3,standard,y,y,y,y,n,n
36557132,From descendants,Acinar cell carcinoma of ascending colon,Condition,ICDO3,standard,y,y,y,y,n,n
36557186,From descendants,Mucoepidermoid carcinoma of hepatic flexure of colon,Condition,ICDO3,standard,y,y,y,y,n,n
36557202,From descendants,Hepatoid adenocarcinoma of ascending colon,Condition,ICDO3,standard,y,y,y,y,n,n
36558447,From descendants,Adenocarcinoma with apocrine metaplasia of hepatic flexure of colon,Condition,ICDO3,standard,y,y,y,y,n,n
36560108,From descendants,Tubular adenocarcinoma of hepatic flexure of colon,Condition,ICDO3,standard,y,y,y,y,n,n
36562519,From descendants,Adenocarcinoma with apocrine metaplasia of ascending colon,Condition,ICDO3,standard,y,y,y,y,n,n
36562794,From descendants,Carcinofibroma of ascending colon,Condition,ICDO3,standard,y,y,y,y,n,n
36565126,From descendants,Malignant mastocytosis of ascending colon,Condition,ICDO3,standard,y,y,y,y,n,n
36565190,From descendants,Adenocarcinoma in multiple adenomatous polyps of hepatic flexure of colon,Condition,ICDO3,standard,y,y,y,y,n,n
36565948,From descendants,Myoepithelial carcinoma of hepatic flexure of colon,Condition,ICDO3,standard,y,y,y,y,n,n
36566070,From descendants,"Papillary adenocarcinoma, NOS, of ascending colon",Condition,ICDO3,standard,y,y,y,y,n,n
36566228,From descendants,Epithelial-myoepithelial carcinoma of ascending colon,Condition,ICDO3,standard,y,y,y,y,n,n
36713361,From descendants,Primary adenocarcinoma of ascending colon,Condition,SNOMED,standard,y,y,y,y,n,n
36715911,From descendants,Primary adenocarcinoma of ascending colon and right flexure,Condition,SNOMED,standard,y,y,y,y,n,n
42512100,From descendants,Serrated adenocarcinoma of hepatic flexure of colon,Condition,ICDO3,standard,y,y,y,y,n,n
42512140,From descendants,"Micropapillary carcinoma, NOS, of hepatic flexure of colon",Condition,ICDO3,standard,y,y,y,y,n,n
42512803,From descendants,"Adenocarcinoma, intestinal type of hepatic flexure of colon",Condition,ICDO3,standard,y,y,y,y,n,n
42512838,From descendants,"Adenocarcinoma, intestinal type of ascending colon",Condition,ICDO3,standard,y,y,y,y,n,n
42512903,From descendants,"Micropapillary carcinoma, NOS, of ascending colon",Condition,ICDO3,standard,y,y,y,y,n,n
44498956,From descendants,Adenocarcinoma in villous adenoma of ascending colon,Condition,ICDO3,standard,y,y,y,y,n,n
44499892,From descendants,Adenocarcinoma in tubulovillous adenoma of hepatic flexure of colon,Condition,ICDO3,standard,y,y,y,y,n,n
44500026,From descendants,Adenocarcinoma in villous adenoma of hepatic flexure of colon,Condition,ICDO3,standard,y,y,y,y,n,n
44500410,From descendants,Adenocarcinoma in adenomatous polyp of ascending colon,Condition,ICDO3,standard,y,y,y,y,n,n
44500736,From descendants,Mucin-producing adenocarcinoma of hepatic flexure of colon,Condition,ICDO3,standard,y,y,y,y,n,n
44500738,From descendants,"Medullary carcinoma, NOS, of ascending colon",Condition,ICDO3,standard,y,y,y,y,n,n
44501020,From descendants,Mucin-producing adenocarcinoma of ascending colon,Condition,ICDO3,standard,y,y,y,y,n,n
44501524,From descendants,Adenocarcinoma with mixed subtypes of ascending colon,Condition,ICDO3,standard,y,y,y,y,n,n
44501787,From descendants,Scirrhous adenocarcinoma of hepatic flexure of colon,Condition,ICDO3,standard,y,y,y,y,n,n
44501804,From descendants,Mucinous adenocarcinoma of ascending colon,Condition,ICDO3,standard,y,y,y,y,n,n
44502398,From descendants,Adenosquamous carcinoma of ascending colon,Condition,ICDO3,standard,y,y,y,y,n,n
44502439,From descendants,"Adenocarcinoma, NOS, of ascending colon",Condition,ICDO3,standard,y,y,y,y,n,n
44502807,From descendants,"Squamous cell carcinoma, NOS, of ascending colon",Condition,ICDO3,standard,y,y,y,y,n,n
44502935,From descendants,Adenocarcinoma in adenomatous polyp of hepatic flexure of colon,Condition,ICDO3,standard,y,y,y,y,n,n
44502946,From descendants,Adenocarcinoma in tubulovillous adenoma of ascending colon,Condition,ICDO3,standard,y,y,y,y,n,n
44503091,From descendants,Mucinous adenocarcinoma of hepatic flexure of colon,Condition,ICDO3,standard,y,y,y,y,n,n
44504349,From descendants,"Carcinoma, NOS, of ascending colon",Condition,ICDO3,standard,y,y,y,y,n,n
44504355,From descendants,"Carcinoma, NOS, of hepatic flexure of colon",Condition,ICDO3,standard,y,y,y,y,n,n
438699,From descendants,Primary malignant neoplasm of rectosigmoid junction,Condition,SNOMED,standard,y,y,y,y,n,n
4115028,From descendants,Carcinoma of sigmoid colon,Condition,SNOMED,standard,y,y,y,y,n,n
4151260,From descendants,Carcinoma of the rectosigmoid junction,Condition,SNOMED,standard,y,y,y,y,n,n
4180792,From descendants,Malignant tumor of rectosigmoid junction,Condition,SNOMED,standard,y,y,y,y,n,n
4200514,From descendants,Adenocarcinoma of sigmoid colon,Condition,SNOMED,standard,y,y,y,y,n,n
4322376,From descendants,Adenocarcinoma of rectosigmoid junction,Condition,SNOMED,standard,y,y,y,y,n,n
36402630,From descendants,"Adenocarcinoma,uncertain whether primary or metastatic site of sigmoid colon",Condition,ICDO3,standard,y,y,y,y,n,n
36517800,From descendants,Adenocarcinoma with cartilaginous and osseous metaplasia of rectosigmoid junction,Condition,ICDO3,standard,y,y,y,y,n,n
36518243,From descendants,"Carcinoma, undifferentiated, NOS, of rectosigmoid junction",Condition,ICDO3,standard,y,y,y,y,n,n
36521726,From descendants,"Clear cell adenocarcinoma, NOS, of sigmoid colon",Condition,ICDO3,standard,y,y,y,y,n,n
36521973,From descendants,Carcinofibroma of sigmoid colon,Condition,ICDO3,standard,y,y,y,y,n,n
36522352,From descendants,Adenocarcinoma with squamous metaplasia of sigmoid colon,Condition,ICDO3,standard,y,y,y,y,n,n
36522763,From descendants,"Carcinoma, diffuse type of rectosigmoid junction",Condition,ICDO3,standard,y,y,y,y,n,n
36524507,From descendants,Acinar cell carcinoma of sigmoid colon,Condition,ICDO3,standard,y,y,y,y,n,n
36525001,From descendants,Papillary microcarcinoma of rectosigmoid junction,Condition,ICDO3,standard,y,y,y,y,n,n
36525556,From descendants,"Squamous cell carcinoma, adenoid of sigmoid colon",Condition,ICDO3,standard,y,y,y,y,n,n
36526362,From descendants,Tubular adenocarcinoma of rectosigmoid junction,Condition,ICDO3,standard,y,y,y,y,n,n
36526752,From descendants,"Metaplastic carcinoma, NOS, of sigmoid colon",Condition,ICDO3,standard,y,y,y,y,n,n
36527779,From descendants,Myoepithelial carcinoma of rectosigmoid junction,Condition,ICDO3,standard,y,y,y,y,n,n
36528366,From descendants,Adenocarcinoma with apocrine metaplasia of sigmoid colon,Condition,ICDO3,standard,y,y,y,y,n,n
36529222,From descendants,Hepatoid adenocarcinoma of rectosigmoid junction,Condition,ICDO3,standard,y,y,y,y,n,n
36529934,From descendants,"Solid carcinoma, NOS, of sigmoid colon",Condition,ICDO3,standard,y,y,y,y,n,n
36529981,From descendants,"Carcinoma, anaplastic, NOS, of rectosigmoid junction",Condition,ICDO3,standard,y,y,y,y,n,n
36531112,From descendants,"Papillary carcinoma, NOS, of sigmoid colon",Condition,ICDO3,standard,y,y,y,y,n,n
36533511,From descendants,Carcinoma simplex of sigmoid colon,Condition,ICDO3,standard,y,y,y,y,n,n
36533849,From descendants,"Squamous cell carcinoma, spindle cell of sigmoid colon",Condition,ICDO3,standard,y,y,y,y,n,n
36534141,From descendants,Scirrhous adenocarcinoma of sigmoid colon,Condition,ICDO3,standard,y,y,y,y,n,n
36534469,From descendants,"Carcinoma, anaplastic, NOS, of sigmoid colon",Condition,ICDO3,standard,y,y,y,y,n,n
36536825,From descendants,"Papillary carcinoma, NOS, of rectosigmoid junction",Condition,ICDO3,standard,y,y,y,y,n,n
36536908,From descendants,Adenocarcinoma in multiple adenomatous polyps of rectosigmoid junction,Condition,ICDO3,standard,y,y,y,y,n,n
36537155,From descendants,Pleomorphic carcinoma of sigmoid colon,Condition,ICDO3,standard,y,y,y,y,n,n
36538727,From descendants,"Cystadenocarcinoma, NOS, of rectosigmoid junction",Condition,ICDO3,standard,y,y,y,y,n,n
36539064,From descendants,"Carcinoma, undifferentiated, NOS, of sigmoid colon",Condition,ICDO3,standard,y,y,y,y,n,n
36539303,From descendants,Adenocarcinoma with cartilaginous and osseous metaplasia of sigmoid colon,Condition,ICDO3,standard,y,y,y,y,n,n
36539431,From descendants,Mucoepidermoid carcinoma of sigmoid colon,Condition,ICDO3,standard,y,y,y,y,n,n
36539890,From descendants,Carcinoma simplex of rectosigmoid junction,Condition,ICDO3,standard,y,y,y,y,n,n
36539924,From descendants,"Solid carcinoma, NOS, of rectosigmoid junction",Condition,ICDO3,standard,y,y,y,y,n,n
36542114,From descendants,Adenocarcinoma with squamous metaplasia of rectosigmoid junction,Condition,ICDO3,standard,y,y,y,y,n,n
36542446,From descendants,"Carcinoma, diffuse type of sigmoid colon",Condition,ICDO3,standard,y,y,y,y,n,n
36544212,From descendants,Pleomorphic carcinoma of rectosigmoid junction,Condition,ICDO3,standard,y,y,y,y,n,n
36545562,From descendants,Epithelial-myoepithelial carcinoma of rectosigmoid junction,Condition,ICDO3,standard,y,y,y,y,n,n
36547294,From descendants,"Squamous cell carcinoma, microinvasive of sigmoid colon",Condition,ICDO3,standard,y,y,y,y,n,n
36548472,From descendants,Adenocarcinoid tumor of sigmoid colon,Condition,ICDO3,standard,y,y,y,y,n,n
36549367,From descendants,Polygonal cell carcinoma of sigmoid colon,Condition,ICDO3,standard,y,y,y,y,n,n
36552007,From descendants,Adenocarcinoid tumor of rectosigmoid junction,Condition,ICDO3,standard,y,y,y,y,n,n
36552278,From descendants,Epithelial-myoepithelial carcinoma of sigmoid colon,Condition,ICDO3,standard,y,y,y,y,n,n
36552671,From descendants,"Verrucous carcinoma, NOS, of rectosigmoid junction",Condition,ICDO3,standard,y,y,y,y,n,n
36552772,From descendants,Adenocarcinoma in adenomatous polyposis coli of rectosigmoid junction,Condition,ICDO3,standard,y,y,y,y,n,n
36553110,From descendants,Glassy cell carcinoma of sigmoid colon,Condition,ICDO3,standard,y,y,y,y,n,n
36553482,From descendants,Scirrhous adenocarcinoma of rectosigmoid junction,Condition,ICDO3,standard,y,y,y,y,n,n
36554357,From descendants,"Medullary carcinoma, NOS, of rectosigmoid junction",Condition,ICDO3,standard,y,y,y,y,n,n
36555022,From descendants,Mucoepidermoid carcinoma of rectosigmoid junction,Condition,ICDO3,standard,y,y,y,y,n,n
36555932,From descendants,"Metaplastic carcinoma, NOS, of rectosigmoid junction",Condition,ICDO3,standard,y,y,y,y,n,n
36555955,From descendants,"Verrucous carcinoma, NOS, of sigmoid colon",Condition,ICDO3,standard,y,y,y,y,n,n
36556087,From descendants,"Epithelioma, malignant of sigmoid colon",Condition,ICDO3,standard,y,y,y,y,n,n
36558010,From descendants,Hepatoid adenocarcinoma of sigmoid colon,Condition,ICDO3,standard,y,y,y,y,n,n
36558313,From descendants,Basal cell adenocarcinoma of sigmoid colon,Condition,ICDO3,standard,y,y,y,y,n,n
36560788,From descendants,"Cystadenocarcinoma, NOS, of sigmoid colon",Condition,ICDO3,standard,y,y,y,y,n,n
36561698,From descendants,Adenocarcinoma with apocrine metaplasia of rectosigmoid junction,Condition,ICDO3,standard,y,y,y,y,n,n
36563181,From descendants,Myoepithelial carcinoma of sigmoid colon,Condition,ICDO3,standard,y,y,y,y,n,n
36563654,From descendants,"Large cell carcinoma, NOS, of sigmoid colon",Condition,ICDO3,standard,y,y,y,y,n,n
36565088,From descendants,"Epithelioma, malignant of rectosigmoid junction",Condition,ICDO3,standard,y,y,y,y,n,n
36565794,From descendants,Papillary squamous cell carcinoma of sigmoid colon,Condition,ICDO3,standard,y,y,y,y,n,n
36566061,From descendants,"Spindle cell carcinoma, NOS, of sigmoid colon",Condition,ICDO3,standard,y,y,y,y,n,n
36566885,From descendants,Superficial spreading adenocarcinoma of rectosigmoid junction,Condition,ICDO3,standard,y,y,y,y,n,n
37016239,From descendants,Primary adenocarcinoma of rectosigmoid junction,Condition,SNOMED,standard,y,y,y,y,n,n
37018661,From descendants,Malignant neoplasm of rectosigmoid junction metastatic to brain,Condition,SNOMED,standard,y,y,y,y,n,n
42511613,From descendants,"Micropapillary carcinoma, NOS, of sigmoid colon",Condition,ICDO3,standard,y,y,y,y,n,n
42512292,From descendants,Serrated adenocarcinoma of sigmoid colon,Condition,ICDO3,standard,y,y,y,y,n,n
42512553,From descendants,"Micropapillary carcinoma, NOS, of rectosigmoid junction",Condition,ICDO3,standard,y,y,y,y,n,n
42512621,From descendants,Serrated adenocarcinoma of rectosigmoid junction,Condition,ICDO3,standard,y,y,y,y,n,n
44499436,From descendants,Adenocarcinoma in adenomatous polyposis coli of sigmoid colon,Condition,ICDO3,standard,y,y,y,y,n,n
44499504,From descendants,Adenocarcinoma with mixed subtypes of rectosigmoid junction,Condition,ICDO3,standard,y,y,y,y,n,n
44499550,From descendants,Adenocarcinoma in tubulovillous adenoma of sigmoid colon,Condition,ICDO3,standard,y,y,y,y,n,n
44499754,From descendants,Adenosquamous carcinoma of rectosigmoid junction,Condition,ICDO3,standard,y,y,y,y,n,n
44499966,From descendants,Villous adenocarcinoma of rectosigmoid junction,Condition,ICDO3,standard,y,y,y,y,n,n
44500018,From descendants,"Cribriform carcinoma, NOS, of sigmoid colon",Condition,ICDO3,standard,y,y,y,y,n,n
44500037,From descendants,Mucin-producing adenocarcinoma of rectosigmoid junction,Condition,ICDO3,standard,y,y,y,y,n,n
44500060,From descendants,Adenocarcinoma in multiple adenomatous polyps of sigmoid colon,Condition,ICDO3,standard,y,y,y,y,n,n
44500138,From descendants,"Papillary adenocarcinoma, NOS, of rectosigmoid junction",Condition,ICDO3,standard,y,y,y,y,n,n
44500195,From descendants,Superficial spreading adenocarcinoma of sigmoid colon,Condition,ICDO3,standard,y,y,y,y,n,n
44500411,From descendants,Adenocarcinoma in adenomatous polyp of sigmoid colon,Condition,ICDO3,standard,y,y,y,y,n,n
44500413,From descendants,Adenocarcinoma with mixed subtypes of sigmoid colon,Condition,ICDO3,standard,y,y,y,y,n,n
44500648,From descendants,"Papillary adenocarcinoma, NOS, of sigmoid colon",Condition,ICDO3,standard,y,y,y,y,n,n
44500982,From descendants,"Squamous cell carcinoma, NOS, of sigmoid colon",Condition,ICDO3,standard,y,y,y,y,n,n
44501075,From descendants,"Adenocarcinoma, NOS, of rectosigmoid junction",Condition,ICDO3,standard,y,y,y,y,n,n
44501145,From descendants,Adenocarcinoma in villous adenoma of sigmoid colon,Condition,ICDO3,standard,y,y,y,y,n,n
44501440,From descendants,Adenocarcinoma in villous adenoma of rectosigmoid junction,Condition,ICDO3,standard,y,y,y,y,n,n
44501639,From descendants,Adenocarcinoma in tubulovillous adenoma of rectosigmoid junction,Condition,ICDO3,standard,y,y,y,y,n,n
44501720,From descendants,Tubular adenocarcinoma of sigmoid colon,Condition,ICDO3,standard,y,y,y,y,n,n
44502029,From descendants,Mucinous adenocarcinoma of sigmoid colon,Condition,ICDO3,standard,y,y,y,y,n,n
44502094,From descendants,"Adenocarcinoma, intestinal type of sigmoid colon",Condition,ICDO3,standard,y,y,y,y,n,n
44502115,From descendants,"Medullary carcinoma, NOS, of sigmoid colon",Condition,ICDO3,standard,y,y,y,y,n,n
44502709,From descendants,Mucin-producing adenocarcinoma of sigmoid colon,Condition,ICDO3,standard,y,y,y,y,n,n
44502874,From descendants,"Endometrioid adenocarcinoma, NOS, of rectosigmoid junction",Condition,ICDO3,standard,y,y,y,y,n,n
44502951,From descendants,Mucinous adenocarcinoma of rectosigmoid junction,Condition,ICDO3,standard,y,y,y,y,n,n
44503086,From descendants,Adenocarcinoma in adenomatous polyp of rectosigmoid junction,Condition,ICDO3,standard,y,y,y,y,n,n
44503088,From descendants,Villous adenocarcinoma of sigmoid colon,Condition,ICDO3,standard,y,y,y,y,n,n
44503097,From descendants,Adenosquamous carcinoma of sigmoid colon,Condition,ICDO3,standard,y,y,y,y,n,n
44504379,From descendants,"Carcinoma, NOS, of sigmoid colon",Condition,ICDO3,standard,y,y,y,y,n,n
44504380,From descendants,"Adenocarcinoma, NOS, of sigmoid colon",Condition,ICDO3,standard,y,y,y,y,n,n
44504400,From descendants,"Carcinoma, NOS, of rectosigmoid junction",Condition,ICDO3,standard,y,y,y,y,n,n
4181344,From descendants,Malignant tumor of splenic flexure,Condition,SNOMED,standard,y,y,y,y,n,n
4193165,From descendants,Carcinoma of descending colon,Condition,SNOMED,standard,y,y,y,y,n,n
4193872,From descendants,Carcinoma of splenic flexure,Condition,SNOMED,standard,y,y,y,y,n,n
36517840,From descendants,Myoepithelial carcinoma of descending colon,Condition,ICDO3,standard,y,y,y,y,n,n
36518112,From descendants,Papillary squamous cell carcinoma of descending colon,Condition,ICDO3,standard,y,y,y,y,n,n
36518497,From descendants,Villous adenocarcinoma of splenic flexure of colon,Condition,ICDO3,standard,y,y,y,y,n,n
36518916,From descendants,Basal cell adenocarcinoma of descending colon,Condition,ICDO3,standard,y,y,y,y,n,n
36519246,From descendants,Epithelial-myoepithelial carcinoma of descending colon,Condition,ICDO3,standard,y,y,y,y,n,n
36519395,From descendants,Mucoepidermoid carcinoma of splenic flexure of colon,Condition,ICDO3,standard,y,y,y,y,n,n
36519550,From descendants,Pleomorphic carcinoma of descending colon,Condition,ICDO3,standard,y,y,y,y,n,n
36519910,From descendants,"Spindle cell carcinoma, NOS, of descending colon",Condition,ICDO3,standard,y,y,y,y,n,n
36521018,From descendants,"Verrucous carcinoma, NOS, of descending colon",Condition,ICDO3,standard,y,y,y,y,n,n
36521028,From descendants,Tubular adenocarcinoma of splenic flexure of colon,Condition,ICDO3,standard,y,y,y,y,n,n
36521098,From descendants,Glassy cell carcinoma of splenic flexure of colon,Condition,ICDO3,standard,y,y,y,y,n,n
36521548,From descendants,Hepatoid adenocarcinoma of descending colon,Condition,ICDO3,standard,y,y,y,y,n,n
36522002,From descendants,Adenocarcinoma in adenomatous polyposis coli of splenic flexure of colon,Condition,ICDO3,standard,y,y,y,y,n,n
36523302,From descendants,Adenocarcinoma with mixed subtypes of descending colon,Condition,ICDO3,standard,y,y,y,y,n,n
36523630,From descendants,Adenocarcinoma with apocrine metaplasia of descending colon,Condition,ICDO3,standard,y,y,y,y,n,n
36524059,From descendants,Adenosquamous carcinoma of descending colon,Condition,ICDO3,standard,y,y,y,y,n,n
36524229,From descendants,Carcinoma simplex of splenic flexure of colon,Condition,ICDO3,standard,y,y,y,y,n,n
36524240,From descendants,"Squamous cell carcinoma, microinvasive of descending colon",Condition,ICDO3,standard,y,y,y,y,n,n
36524271,From descendants,"Papillary carcinoma, NOS, of descending colon",Condition,ICDO3,standard,y,y,y,y,n,n
36525291,From descendants,Carcinoma simplex of descending colon,Condition,ICDO3,standard,y,y,y,y,n,n
36526725,From descendants,Superficial spreading adenocarcinoma of descending colon,Condition,ICDO3,standard,y,y,y,y,n,n
36526727,From descendants,"Spindle cell carcinoma, NOS, of splenic flexure of colon",Condition,ICDO3,standard,y,y,y,y,n,n
36526950,From descendants,"Medullary carcinoma, NOS, of descending colon",Condition,ICDO3,standard,y,y,y,y,n,n
36527330,From descendants,Adenocarcinoid tumor of descending colon,Condition,ICDO3,standard,y,y,y,y,n,n
36527693,From descendants,Mucoepidermoid carcinoma of descending colon,Condition,ICDO3,standard,y,y,y,y,n,n
36528154,From descendants,"Papillary adenocarcinoma, NOS, of splenic flexure of colon",Condition,ICDO3,standard,y,y,y,y,n,n
36528604,From descendants,"Squamous cell carcinoma, NOS, of descending colon",Condition,ICDO3,standard,y,y,y,y,n,n
36530984,From descendants,Adenocarcinoma with apocrine metaplasia of splenic flexure of colon,Condition,ICDO3,standard,y,y,y,y,n,n
36531080,From descendants,Polygonal cell carcinoma of descending colon,Condition,ICDO3,standard,y,y,y,y,n,n
36531259,From descendants,"Squamous cell carcinoma, NOS, of splenic flexure of colon",Condition,ICDO3,standard,y,y,y,y,n,n
36531299,From descendants,Adenocarcinoma with cartilaginous and osseous metaplasia of descending colon,Condition,ICDO3,standard,y,y,y,y,n,n
36531329,From descendants,Polygonal cell carcinoma of splenic flexure of colon,Condition,ICDO3,standard,y,y,y,y,n,n
36532893,From descendants,Acinar cell carcinoma of descending colon,Condition,ICDO3,standard,y,y,y,y,n,n
36533090,From descendants,"Carcinoma, undifferentiated, NOS, of splenic flexure of colon",Condition,ICDO3,standard,y,y,y,y,n,n
36533201,From descendants,Adenocarcinoma with cartilaginous and osseous metaplasia of splenic flexure of colon,Condition,ICDO3,standard,y,y,y,y,n,n
36533966,From descendants,Papillary squamous cell carcinoma of splenic flexure of colon,Condition,ICDO3,standard,y,y,y,y,n,n
36534873,From descendants,"Medullary carcinoma, NOS, of splenic flexure of colon",Condition,ICDO3,standard,y,y,y,y,n,n
36536660,From descendants,"Large cell carcinoma, NOS, of splenic flexure of colon",Condition,ICDO3,standard,y,y,y,y,n,n
36537464,From descendants,"Epithelioma, malignant of descending colon",Condition,ICDO3,standard,y,y,y,y,n,n
36537969,From descendants,"Metaplastic carcinoma, NOS, of descending colon",Condition,ICDO3,standard,y,y,y,y,n,n
36537978,From descendants,Tubular adenocarcinoma of descending colon,Condition,ICDO3,standard,y,y,y,y,n,n
36538491,From descendants,"Adenocarcinoma, intestinal type of splenic flexure of colon",Condition,ICDO3,standard,y,y,y,y,n,n
36538960,From descendants,"Carcinoma, diffuse type of splenic flexure of colon",Condition,ICDO3,standard,y,y,y,y,n,n
36540380,From descendants,"Cystadenocarcinoma, NOS, of descending colon",Condition,ICDO3,standard,y,y,y,y,n,n
36540621,From descendants,Superficial spreading adenocarcinoma of splenic flexure of colon,Condition,ICDO3,standard,y,y,y,y,n,n
36541312,From descendants,Glassy cell carcinoma of descending colon,Condition,ICDO3,standard,y,y,y,y,n,n
36542597,From descendants,"Solid carcinoma, NOS, of descending colon",Condition,ICDO3,standard,y,y,y,y,n,n
36543160,From descendants,"Carcinoma, undifferentiated, NOS, of descending colon",Condition,ICDO3,standard,y,y,y,y,n,n
36543599,From descendants,Scirrhous adenocarcinoma of descending colon,Condition,ICDO3,standard,y,y,y,y,n,n
36543602,From descendants,Basal cell adenocarcinoma of splenic flexure of colon,Condition,ICDO3,standard,y,y,y,y,n,n
36544782,From descendants,"Cystadenocarcinoma, NOS, of splenic flexure of colon",Condition,ICDO3,standard,y,y,y,y,n,n
36545206,From descendants,"Squamous cell carcinoma, microinvasive of splenic flexure of colon",Condition,ICDO3,standard,y,y,y,y,n,n
36545535,From descendants,"Papillary carcinoma, NOS, of splenic flexure of colon",Condition,ICDO3,standard,y,y,y,y,n,n
36548040,From descendants,Adenocarcinoma in multiple adenomatous polyps of descending colon,Condition,ICDO3,standard,y,y,y,y,n,n
36549033,From descendants,Hepatoid adenocarcinoma of splenic flexure of colon,Condition,ICDO3,standard,y,y,y,y,n,n
36549340,From descendants,Myoepithelial carcinoma of splenic flexure of colon,Condition,ICDO3,standard,y,y,y,y,n,n
36551676,From descendants,"Large cell carcinoma, NOS, of descending colon",Condition,ICDO3,standard,y,y,y,y,n,n
36553857,From descendants,Acinar cell carcinoma of splenic flexure of colon,Condition,ICDO3,standard,y,y,y,y,n,n
36554217,From descendants,"Solid carcinoma, NOS, of splenic flexure of colon",Condition,ICDO3,standard,y,y,y,y,n,n
36555879,From descendants,"Verrucous carcinoma, NOS, of splenic flexure of colon",Condition,ICDO3,standard,y,y,y,y,n,n
36556262,From descendants,Adenocarcinoma in adenomatous polyposis coli of descending colon,Condition,ICDO3,standard,y,y,y,y,n,n
36557689,From descendants,Adenocarcinoma with squamous metaplasia of descending colon,Condition,ICDO3,standard,y,y,y,y,n,n
36558792,From descendants,"Squamous cell carcinoma, adenoid of descending colon",Condition,ICDO3,standard,y,y,y,y,n,n
36560403,From descendants,Scirrhous adenocarcinoma of splenic flexure of colon,Condition,ICDO3,standard,y,y,y,y,n,n
36560559,From descendants,Pleomorphic carcinoma of splenic flexure of colon,Condition,ICDO3,standard,y,y,y,y,n,n
36560599,From descendants,"Carcinoma, anaplastic, NOS, of splenic flexure of colon",Condition,ICDO3,standard,y,y,y,y,n,n
36560775,From descendants,"Carcinoma, diffuse type of descending colon",Condition,ICDO3,standard,y,y,y,y,n,n
36561054,From descendants,"Epithelioma, malignant of splenic flexure of colon",Condition,ICDO3,standard,y,y,y,y,n,n
36561240,From descendants,Adenosquamous carcinoma of splenic flexure of colon,Condition,ICDO3,standard,y,y,y,y,n,n
36562328,From descendants,Adenocarcinoma with mixed subtypes of splenic flexure of colon,Condition,ICDO3,standard,y,y,y,y,n,n
36562674,From descendants,"Squamous cell carcinoma, spindle cell of splenic flexure of colon",Condition,ICDO3,standard,y,y,y,y,n,n
36563810,From descendants,Adenocarcinoid tumor of splenic flexure of colon,Condition,ICDO3,standard,y,y,y,y,n,n
36563886,From descendants,"Squamous cell carcinoma, spindle cell of descending colon",Condition,ICDO3,standard,y,y,y,y,n,n
36565009,From descendants,Epithelial-myoepithelial carcinoma of splenic flexure of colon,Condition,ICDO3,standard,y,y,y,y,n,n
36565894,From descendants,Adenocarcinoma with squamous metaplasia of splenic flexure of colon,Condition,ICDO3,standard,y,y,y,y,n,n
36565914,From descendants,"Squamous cell carcinoma, adenoid of splenic flexure of colon",Condition,ICDO3,standard,y,y,y,y,n,n
36566260,From descendants,Adenocarcinoma in multiple adenomatous polyps of splenic flexure of colon,Condition,ICDO3,standard,y,y,y,y,n,n
36567435,From descendants,"Metaplastic carcinoma, NOS, of splenic flexure of colon",Condition,ICDO3,standard,y,y,y,y,n,n
36567938,From descendants,"Carcinoma, anaplastic, NOS, of descending colon",Condition,ICDO3,standard,y,y,y,y,n,n
36717495,From descendants,Primary adenocarcinoma of descending colon and splenic flexure,Condition,SNOMED,standard,y,y,y,y,n,n
37208245,From descendants,Primary adenocarcinoma of descending colon,Condition,SNOMED,standard,y,y,y,y,n,n
42511614,From descendants,"Micropapillary carcinoma, NOS, of descending colon",Condition,ICDO3,standard,y,y,y,y,n,n
42511881,From descendants,"Micropapillary carcinoma, NOS, of splenic flexure of colon",Condition,ICDO3,standard,y,y,y,y,n,n
42512255,From descendants,Serrated adenocarcinoma of descending colon,Condition,ICDO3,standard,y,y,y,y,n,n
42512512,From descendants,Serrated adenocarcinoma of splenic flexure of colon,Condition,ICDO3,standard,y,y,y,y,n,n
44499548,From descendants,Villous adenocarcinoma of descending colon,Condition,ICDO3,standard,y,y,y,y,n,n
44499921,From descendants,Mucinous adenocarcinoma of descending colon,Condition,ICDO3,standard,y,y,y,y,n,n
44500141,From descendants,Adenocarcinoma in tubulovillous adenoma of splenic flexure of colon,Condition,ICDO3,standard,y,y,y,y,n,n
44500245,From descendants,Adenocarcinoma in adenomatous polyp of splenic flexure of colon,Condition,ICDO3,standard,y,y,y,y,n,n
44500496,From descendants,"Adenocarcinoma, NOS, of splenic flexure of colon",Condition,ICDO3,standard,y,y,y,y,n,n
44500497,From descendants,"Adenocarcinoma, NOS, of descending colon",Condition,ICDO3,standard,y,y,y,y,n,n
44500792,From descendants,Adenocarcinoma in villous adenoma of descending colon,Condition,ICDO3,standard,y,y,y,y,n,n
44500874,From descendants,Adenocarcinoma in adenomatous polyp of descending colon,Condition,ICDO3,standard,y,y,y,y,n,n
44501088,From descendants,Mucin-producing adenocarcinoma of descending colon,Condition,ICDO3,standard,y,y,y,y,n,n
44502112,From descendants,Mucin-producing adenocarcinoma of splenic flexure of colon,Condition,ICDO3,standard,y,y,y,y,n,n
44502175,From descendants,"Papillary adenocarcinoma, NOS, of descending colon",Condition,ICDO3,standard,y,y,y,y,n,n
44502395,From descendants,Mucinous adenocarcinoma of splenic flexure of colon,Condition,ICDO3,standard,y,y,y,y,n,n
44502441,From descendants,Trabecular adenocarcinoma of splenic flexure of colon,Condition,ICDO3,standard,y,y,y,y,n,n
44502776,From descendants,Adenocarcinoma in tubulovillous adenoma of descending colon,Condition,ICDO3,standard,y,y,y,y,n,n
44503020,From descendants,Adenocarcinoma in villous adenoma of splenic flexure of colon,Condition,ICDO3,standard,y,y,y,y,n,n
44504365,From descendants,"Neoplasm, metastatic of splenic flexure of colon",Condition,ICDO3,standard,y,y,y,y,n,n
44504367,From descendants,"Carcinoma, NOS, of splenic flexure of colon",Condition,ICDO3,standard,y,y,y,y,n,n
44504373,From descendants,"Carcinoma, NOS, of descending colon",Condition,ICDO3,standard,y,y,y,y,n,n
4193871,From descendants,Carcinoma of transverse colon,Condition,SNOMED,standard,y,y,y,y,n,n
36518490,From descendants,Superficial spreading adenocarcinoma of transverse colon,Condition,ICDO3,standard,y,y,y,y,n,n
36521918,From descendants,Myoepithelial carcinoma of transverse colon,Condition,ICDO3,standard,y,y,y,y,n,n
36524579,From descendants,"Carcinoma, anaplastic, NOS, of transverse colon",Condition,ICDO3,standard,y,y,y,y,n,n
36524678,From descendants,Hepatoid adenocarcinoma of transverse colon,Condition,ICDO3,standard,y,y,y,y,n,n
36529289,From descendants,"Solid carcinoma, NOS, of transverse colon",Condition,ICDO3,standard,y,y,y,y,n,n
36531004,From descendants,"Medullary carcinoma, NOS, of transverse colon",Condition,ICDO3,standard,y,y,y,y,n,n
36531547,From descendants,Epithelial-myoepithelial carcinoma of transverse colon,Condition,ICDO3,standard,y,y,y,y,n,n
36534597,From descendants,"Papillary adenocarcinoma, NOS, of transverse colon",Condition,ICDO3,standard,y,y,y,y,n,n
36535150,From descendants,Adenocarcinoma in adenomatous polyposis coli of transverse colon,Condition,ICDO3,standard,y,y,y,y,n,n
36538847,From descendants,Adenocarcinoma in multiple adenomatous polyps of transverse colon,Condition,ICDO3,standard,y,y,y,y,n,n
36540392,From descendants,"Cystadenocarcinoma, NOS, of transverse colon",Condition,ICDO3,standard,y,y,y,y,n,n
36543695,From descendants,Adenocarcinoma with apocrine metaplasia of transverse colon,Condition,ICDO3,standard,y,y,y,y,n,n
36545002,From descendants,Carcinoma simplex of transverse colon,Condition,ICDO3,standard,y,y,y,y,n,n
36546731,From descendants,Adenocarcinoid tumor of transverse colon,Condition,ICDO3,standard,y,y,y,y,n,n
36548695,From descendants,Scirrhous adenocarcinoma of transverse colon,Condition,ICDO3,standard,y,y,y,y,n,n
36549024,From descendants,Adenocarcinoma with cartilaginous and osseous metaplasia of transverse colon,Condition,ICDO3,standard,y,y,y,y,n,n
36550073,From descendants,Pleomorphic carcinoma of transverse colon,Condition,ICDO3,standard,y,y,y,y,n,n
36552799,From descendants,"Verrucous carcinoma, NOS, of transverse colon",Condition,ICDO3,standard,y,y,y,y,n,n
36559232,From descendants,Adenocarcinoma with squamous metaplasia of transverse colon,Condition,ICDO3,standard,y,y,y,y,n,n
36560294,From descendants,"Papillary carcinoma, NOS, of transverse colon",Condition,ICDO3,standard,y,y,y,y,n,n
36560731,From descendants,"Carcinoma, diffuse type of transverse colon",Condition,ICDO3,standard,y,y,y,y,n,n
36562377,From descendants,Adenocarcinoma with mixed subtypes of transverse colon,Condition,ICDO3,standard,y,y,y,y,n,n
36563756,From descendants,Mucoepidermoid carcinoma of transverse colon,Condition,ICDO3,standard,y,y,y,y,n,n
36563922,From descendants,"Metaplastic carcinoma, NOS, of transverse colon",Condition,ICDO3,standard,y,y,y,y,n,n
36566374,From descendants,"Epithelioma, malignant of transverse colon",Condition,ICDO3,standard,y,y,y,y,n,n
36715912,From descendants,Primary adenocarcinoma of transverse colon,Condition,SNOMED,standard,y,y,y,y,n,n
42512076,From descendants,Serrated adenocarcinoma of transverse colon,Condition,ICDO3,standard,y,y,y,y,n,n
42512948,From descendants,"Micropapillary carcinoma, NOS, of transverse colon",Condition,ICDO3,standard,y,y,y,y,n,n
44498960,From descendants,Mucinous adenocarcinoma of transverse colon,Condition,ICDO3,standard,y,y,y,y,n,n
44500082,From descendants,Adenosquamous carcinoma of transverse colon,Condition,ICDO3,standard,y,y,y,y,n,n
44500198,From descendants,Adenocarcinoma in villous adenoma of transverse colon,Condition,ICDO3,standard,y,y,y,y,n,n
44500502,From descendants,Villous adenocarcinoma of transverse colon,Condition,ICDO3,standard,y,y,y,y,n,n
44500596,From descendants,Adenocarcinoma in tubulovillous adenoma of transverse colon,Condition,ICDO3,standard,y,y,y,y,n,n
44501850,From descendants,Tubular adenocarcinoma of transverse colon,Condition,ICDO3,standard,y,y,y,y,n,n
44501952,From descendants,Mucin-producing adenocarcinoma of transverse colon,Condition,ICDO3,standard,y,y,y,y,n,n
44502074,From descendants,"Carcinoma, undifferentiated, NOS, of transverse colon",Condition,ICDO3,standard,y,y,y,y,n,n
44502529,From descendants,Adenocarcinoma in adenomatous polyp of transverse colon,Condition,ICDO3,standard,y,y,y,y,n,n
44504361,From descendants,"Carcinoma, NOS, of transverse colon",Condition,ICDO3,standard,y,y,y,y,n,n
4149847,From descendants,Carcinoma of colon,Condition,SNOMED,standard,y,y,y,y,n,n
4198567,From descendants,HNPCC - hereditary nonpolyposis colon cancer,Condition,SNOMED,standard,y,y,y,y,n,n
35624316,From descendants,Squamous cell carcinoma of colon,Condition,SNOMED,standard,y,y,y,y,n,n
36517193,From descendants,"Squamous cell carcinoma, microinvasive of overlapping lesion of colon",Condition,ICDO3,standard,y,y,y,y,n,n
36517290,From descendants,Scirrhous adenocarcinoma of overlapping lesion of colon,Condition,ICDO3,standard,y,y,y,y,n,n
36517913,From descendants,"Adenocarcinoma with squamous metaplasia of colon, NOS",Condition,ICDO3,standard,y,y,y,y,n,n
36520099,From descendants,Adenocarcinoma with mixed subtypes of overlapping lesion of colon,Condition,ICDO3,standard,y,y,y,y,n,n
36520820,From descendants,"Adenocarcinoma with cartilaginous and osseous metaplasia of colon, NOS",Condition,ICDO3,standard,y,y,y,y,n,n
36521119,From descendants,"Squamous cell carcinoma, spindle cell of colon, NOS",Condition,ICDO3,standard,y,y,y,y,n,n
36521414,From descendants,"Cystadenocarcinoma, NOS, of overlapping lesion of colon",Condition,ICDO3,standard,y,y,y,y,n,n
36522214,From descendants,"Metaplastic carcinoma, NOS, of overlapping lesion of colon",Condition,ICDO3,standard,y,y,y,y,n,n
36522425,From descendants,Adenocarcinoma with cartilaginous and osseous metaplasia of overlapping lesion of colon,Condition,ICDO3,standard,y,y,y,y,n,n
36525830,From descendants,"Carcinoma simplex of colon, NOS",Condition,ICDO3,standard,y,y,y,y,n,n
36526294,From descendants,"Squamous cell carcinoma, adenoid of overlapping lesion of colon",Condition,ICDO3,standard,y,y,y,y,n,n
36526627,From descendants,"Scirrhous adenocarcinoma of colon, NOS",Condition,ICDO3,standard,y,y,y,y,n,n
36527461,From descendants,"Medullary carcinoma, NOS, of overlapping lesion of colon",Condition,ICDO3,standard,y,y,y,y,n,n
36527745,From descendants,"Carcinoma, diffuse type of colon, NOS",Condition,ICDO3,standard,y,y,y,y,n,n
36528574,From descendants,"Villous adenocarcinoma of colon, NOS",Condition,ICDO3,standard,y,y,y,y,n,n
36529046,From descendants,"Glassy cell carcinoma of colon, NOS",Condition,ICDO3,standard,y,y,y,y,n,n
36529078,From descendants,Adenocarcinoma in adenomatous polyp of overlapping lesion of colon,Condition,ICDO3,standard,y,y,y,y,n,n
36530925,From descendants,"Tubular adenocarcinoma of colon, NOS",Condition,ICDO3,standard,y,y,y,y,n,n
36531073,From descendants,"Hepatoid adenocarcinoma of colon, NOS",Condition,ICDO3,standard,y,y,y,y,n,n
36531401,From descendants,"Squamous cell carcinoma, spindle cell of overlapping lesion of colon",Condition,ICDO3,standard,y,y,y,y,n,n
36532476,From descendants,"Papillary carcinoma, NOS, of colon, NOS",Condition,ICDO3,standard,y,y,y,y,n,n
36533185,From descendants,"Polygonal cell carcinoma of colon, NOS",Condition,ICDO3,standard,y,y,y,y,n,n
36535018,From descendants,Carcinoma simplex of overlapping lesion of colon,Condition,ICDO3,standard,y,y,y,y,n,n
36535318,From descendants,"Epithelioma, malignant of colon, NOS",Condition,ICDO3,standard,y,y,y,y,n,n
36536625,From descendants,Papillary squamous cell carcinoma of overlapping lesion of colon,Condition,ICDO3,standard,y,y,y,y,n,n
36536791,From descendants,"Squamous cell carcinoma, adenoid of colon, NOS",Condition,ICDO3,standard,y,y,y,y,n,n
36536938,From descendants,"Papillary carcinoma, NOS, of overlapping lesion of colon",Condition,ICDO3,standard,y,y,y,y,n,n
36538007,From descendants,Superficial spreading adenocarcinoma of overlapping lesion of colon,Condition,ICDO3,standard,y,y,y,y,n,n
36538991,From descendants,"Adenocarcinoma with mixed subtypes of colon, NOS",Condition,ICDO3,standard,y,y,y,y,n,n
36539611,From descendants,Acinar cell carcinoma of overlapping lesion of colon,Condition,ICDO3,standard,y,y,y,y,n,n
36539812,From descendants,"Verrucous carcinoma, NOS, of overlapping lesion of colon",Condition,ICDO3,standard,y,y,y,y,n,n
36540046,From descendants,"Papillary squamous cell carcinoma of colon, NOS",Condition,ICDO3,standard,y,y,y,y,n,n
36541013,From descendants,Adenocarcinoma with apocrine metaplasia of overlapping lesion of colon,Condition,ICDO3,standard,y,y,y,y,n,n
36541062,From descendants,Adenocarcinoma in multiple adenomatous polyps of overlapping lesion of colon,Condition,ICDO3,standard,y,y,y,y,n,n
36542327,From descendants,"Verrucous carcinoma, NOS, of colon, NOS",Condition,ICDO3,standard,y,y,y,y,n,n
36542547,From descendants,Mucin-producing adenocarcinoma of overlapping lesion of colon,Condition,ICDO3,standard,y,y,y,y,n,n
36543573,From descendants,"Epithelial-myoepithelial carcinoma of colon, NOS",Condition,ICDO3,standard,y,y,y,y,n,n
36543940,From descendants,"Large cell carcinoma, NOS, of overlapping lesion of colon",Condition,ICDO3,standard,y,y,y,y,n,n
36544368,From descendants,"Pleomorphic carcinoma of colon, NOS",Condition,ICDO3,standard,y,y,y,y,n,n
36544470,From descendants,"Mucoepidermoid carcinoma of colon, NOS",Condition,ICDO3,standard,y,y,y,y,n,n
36545379,From descendants,Mucinous adenocarcinoma of overlapping lesion of colon,Condition,ICDO3,standard,y,y,y,y,n,n
36545664,From descendants,Adenosquamous carcinoma of overlapping lesion of colon,Condition,ICDO3,standard,y,y,y,y,n,n
36546355,From descendants,"Metaplastic carcinoma, NOS, of colon, NOS",Condition,ICDO3,standard,y,y,y,y,n,n
36548401,From descendants,"Carcinoma, anaplastic, NOS, of colon, NOS",Condition,ICDO3,standard,y,y,y,y,n,n
36548737,From descendants,Glassy cell carcinoma of overlapping lesion of colon,Condition,ICDO3,standard,y,y,y,y,n,n
36548971,From descendants,"Papillary adenocarcinoma, NOS, of colon, NOS",Condition,ICDO3,standard,y,y,y,y,n,n
36549227,From descendants,"Squamous cell carcinoma, NOS, of overlapping lesion of colon",Condition,ICDO3,standard,y,y,y,y,n,n
36549436,From descendants,"Papillary adenocarcinoma, NOS, of overlapping lesion of colon",Condition,ICDO3,standard,y,y,y,y,n,n
36549607,From descendants,Adenocarcinoma with squamous metaplasia of overlapping lesion of colon,Condition,ICDO3,standard,y,y,y,y,n,n
36549748,From descendants,"Solid carcinoma, NOS, of overlapping lesion of colon",Condition,ICDO3,standard,y,y,y,y,n,n
36549964,From descendants,"Solid carcinoma, NOS, of colon, NOS",Condition,ICDO3,standard,y,y,y,y,n,n
36550650,From descendants,"Myoepithelial carcinoma of colon, NOS",Condition,ICDO3,standard,y,y,y,y,n,n
36552518,From descendants,"Cystadenocarcinoma, NOS, of colon, NOS",Condition,ICDO3,standard,y,y,y,y,n,n
36552724,From descendants,Adenocarcinoma in adenomatous polyposis coli of overlapping lesion of colon,Condition,ICDO3,standard,y,y,y,y,n,n
36554114,From descendants,"Superficial spreading adenocarcinoma of colon, NOS",Condition,ICDO3,standard,y,y,y,y,n,n
36555648,From descendants,"Squamous cell carcinoma, NOS, of colon, NOS",Condition,ICDO3,standard,y,y,y,y,n,n
36555908,From descendants,"Acinar cell carcinoma of colon, NOS",Condition,ICDO3,standard,y,y,y,y,n,n
36556699,From descendants,Adenocarcinoma in villous adenoma of overlapping lesion of colon,Condition,ICDO3,standard,y,y,y,y,n,n
36556723,From descendants,"Adenocarcinoid tumor of colon, NOS",Condition,ICDO3,standard,y,y,y,y,n,n
36557242,From descendants,Adenocarcinoid tumor of overlapping lesion of colon,Condition,ICDO3,standard,y,y,y,y,n,n
36557375,From descendants,Pleomorphic carcinoma of overlapping lesion of colon,Condition,ICDO3,standard,y,y,y,y,n,n
36557668,From descendants,"Carcinoma, undifferentiated, NOS, of overlapping lesion of colon",Condition,ICDO3,standard,y,y,y,y,n,n
36559272,From descendants,"Carcinoma, diffuse type of overlapping lesion of colon",Condition,ICDO3,standard,y,y,y,y,n,n
36559392,From descendants,"Carcinoma, NOS, of overlapping lesion of colon",Condition,ICDO3,standard,y,y,y,y,n,n
36559489,From descendants,Tubular adenocarcinoma of overlapping lesion of colon,Condition,ICDO3,standard,y,y,y,y,n,n
36559749,From descendants,Myoepithelial carcinoma of overlapping lesion of colon,Condition,ICDO3,standard,y,y,y,y,n,n
36560139,From descendants,Polygonal cell carcinoma of overlapping lesion of colon,Condition,ICDO3,standard,y,y,y,y,n,n
36560734,From descendants,"Epithelioma, malignant of overlapping lesion of colon",Condition,ICDO3,standard,y,y,y,y,n,n
36561605,From descendants,"Adenocarcinoma, NOS, of overlapping lesion of colon",Condition,ICDO3,standard,y,y,y,y,n,n
36562766,From descendants,Hepatoid adenocarcinoma of overlapping lesion of colon,Condition,ICDO3,standard,y,y,y,y,n,n
36562813,From descendants,Basal cell adenocarcinoma of overlapping lesion of colon,Condition,ICDO3,standard,y,y,y,y,n,n
36564204,From descendants,"Basal cell adenocarcinoma of colon, NOS",Condition,ICDO3,standard,y,y,y,y,n,n
36564477,From descendants,"Medullary carcinoma, NOS, of colon, NOS",Condition,ICDO3,standard,y,y,y,y,n,n
36564964,From descendants,"Squamous cell carcinoma, microinvasive of colon, NOS",Condition,ICDO3,standard,y,y,y,y,n,n
36565089,From descendants,Mucoepidermoid carcinoma of overlapping lesion of colon,Condition,ICDO3,standard,y,y,y,y,n,n
36566477,From descendants,Adenocarcinoma in tubulovillous adenoma of overlapping lesion of colon,Condition,ICDO3,standard,y,y,y,y,n,n
36566533,From descendants,"Large cell carcinoma, NOS, of colon, NOS",Condition,ICDO3,standard,y,y,y,y,n,n
36566786,From descendants,"Spindle cell carcinoma, NOS, of overlapping lesion of colon",Condition,ICDO3,standard,y,y,y,y,n,n
36567087,From descendants,"Spindle cell carcinoma, NOS, of colon, NOS",Condition,ICDO3,standard,y,y,y,y,n,n
36567284,From descendants,"Carcinoma, anaplastic, NOS, of overlapping lesion of colon",Condition,ICDO3,standard,y,y,y,y,n,n
36567436,From descendants,"Adenocarcinoma with apocrine metaplasia of colon, NOS",Condition,ICDO3,standard,y,y,y,y,n,n
36567493,From descendants,Villous adenocarcinoma of overlapping lesion of colon,Condition,ICDO3,standard,y,y,y,y,n,n
36567536,From descendants,"Carcinoma, undifferentiated, NOS, of colon, NOS",Condition,ICDO3,standard,y,y,y,y,n,n
36567725,From descendants,Epithelial-myoepithelial carcinoma of overlapping lesion of colon,Condition,ICDO3,standard,y,y,y,y,n,n
42511855,From descendants,"Serrated adenocarcinoma of colon, NOS",Condition,ICDO3,standard,y,y,y,y,n,n
42511879,From descendants,"Micropapillary carcinoma, NOS, of overlapping lesion of colon",Condition,ICDO3,standard,y,y,y,y,n,n
42512435,From descendants,Serrated adenocarcinoma of overlapping lesion of colon,Condition,ICDO3,standard,y,y,y,y,n,n
42512700,From descendants,"Adenocarcinoma, intestinal type of colon, NOS",Condition,ICDO3,standard,y,y,y,y,n,n
42512897,From descendants,"Micropapillary carcinoma, NOS, of colon, NOS",Condition,ICDO3,standard,y,y,y,y,n,n
42537577,From descendants,Microsatellite instability-high colorectal cancer,Condition,SNOMED,standard,y,y,y,y,n,n
42872396,From descendants,Primary adenocarcinoma of colon,Condition,SNOMED,standard,y,y,y,y,n,n
44499511,From descendants,"Mucinous adenocarcinoma of colon, NOS",Condition,ICDO3,standard,y,y,y,y,n,n
44500059,From descendants,"Adenocarcinoma in adenomatous polyposis coli of colon, NOS",Condition,ICDO3,standard,y,y,y,y,n,n
44500256,From descendants,"Mucin-producing adenocarcinoma of colon, NOS",Condition,ICDO3,standard,y,y,y,y,n,n
44500416,From descendants,"Adenocarcinoma in villous adenoma of colon, NOS",Condition,ICDO3,standard,y,y,y,y,n,n
44501009,From descendants,"Adenocarcinoma in multiple adenomatous polyps of colon, NOS",Condition,ICDO3,standard,y,y,y,y,n,n
44501415,From descendants,"Adenosquamous carcinoma of colon, NOS",Condition,ICDO3,standard,y,y,y,y,n,n
44501634,From descendants,"Adenocarcinoma in adenomatous polyp of colon, NOS",Condition,ICDO3,standard,y,y,y,y,n,n
44502464,From descendants,"Adenocarcinoma, NOS, of colon, NOS",Condition,ICDO3,standard,y,y,y,y,n,n
44502947,From descendants,"Adenocarcinoma in tubulovillous adenoma of colon, NOS",Condition,ICDO3,standard,y,y,y,y,n,n
44504386,From descendants,"Carcinoma, NOS, of colon, NOS",Condition,ICDO3,standard,y,y,y,y,n,n
4110575,From descendants,Adenocarcinoma of rectum,Condition,SNOMED,standard,y,y,n,n,y,y
4112730,From descendants,Malignant tumor of anorectal junction,Condition,SNOMED,standard,y,y,n,n,y,y
36518156,From descendants,"Carcinoma, diffuse type of rectum, NOS",Condition,ICDO3,standard,y,y,n,n,y,y
36519990,From descendants,"Superficial spreading adenocarcinoma of rectum, NOS",Condition,ICDO3,standard,y,y,n,n,y,y
36524866,From descendants,"Myoepithelial carcinoma of rectum, NOS",Condition,ICDO3,standard,y,y,n,n,y,y
36525823,From descendants,"Papillary adenocarcinoma, NOS, of rectum, NOS",Condition,ICDO3,standard,y,y,n,n,y,y
36525852,From descendants,"Hepatoid adenocarcinoma of rectum, NOS",Condition,ICDO3,standard,y,y,n,n,y,y
36528818,From descendants,"Pleomorphic carcinoma of rectum, NOS",Condition,ICDO3,standard,y,y,n,n,y,y
36530154,From descendants,"Schneiderian carcinoma of rectum, NOS",Condition,ICDO3,standard,y,y,n,n,y,y
36530988,From descendants,"Metaplastic carcinoma, NOS, of rectum, NOS",Condition,ICDO3,standard,y,y,n,n,y,y
36533386,From descendants,"Adenocarcinoma with apocrine metaplasia of rectum, NOS",Condition,ICDO3,standard,y,y,n,n,y,y
36534066,From descendants,"Tubular adenocarcinoma of rectum, NOS",Condition,ICDO3,standard,y,y,n,n,y,y
36534456,From descendants,"Adenocarcinoma with squamous metaplasia of rectum, NOS",Condition,ICDO3,standard,y,y,n,n,y,y
36536333,From descendants,"Carcinoma simplex of rectum, NOS",Condition,ICDO3,standard,y,y,n,n,y,y
36540503,From descendants,"Cystadenocarcinoma, NOS, of rectum, NOS",Condition,ICDO3,standard,y,y,n,n,y,y
36544156,From descendants,"Adenocarcinoma with cartilaginous and osseous metaplasia of rectum, NOS",Condition,ICDO3,standard,y,y,n,n,y,y
36545794,From descendants,"Papillary carcinoma, NOS, of rectum, NOS",Condition,ICDO3,standard,y,y,n,n,y,y
36546634,From descendants,"Epithelial-myoepithelial carcinoma of rectum, NOS",Condition,ICDO3,standard,y,y,n,n,y,y
36551689,From descendants,"Adenocarcinoma in adenomatous polyposis coli of rectum, NOS",Condition,ICDO3,standard,y,y,n,n,y,y
36552163,From descendants,"Solid carcinoma, NOS, of rectum, NOS",Condition,ICDO3,standard,y,y,n,n,y,y
36553700,From descendants,"Adenocarcinoma in multiple adenomatous polyps of rectum, NOS",Condition,ICDO3,standard,y,y,n,n,y,y
36554294,From descendants,"Villous adenocarcinoma of rectum, NOS",Condition,ICDO3,standard,y,y,n,n,y,y
36555713,From descendants,"Epithelioma, malignant of rectum, NOS",Condition,ICDO3,standard,y,y,n,n,y,y
36556793,From descendants,"Mucoepidermoid carcinoma of rectum, NOS",Condition,ICDO3,standard,y,y,n,n,y,y
36559065,From descendants,"Carcinoma, anaplastic, NOS, of rectum, NOS",Condition,ICDO3,standard,y,y,n,n,y,y
36561333,From descendants,"Serrated adenocarcinoma of rectum, NOS",Condition,ICDO3,standard,y,y,n,n,y,y
36566220,From descendants,"Verrucous carcinoma, NOS, of rectum, NOS",Condition,ICDO3,standard,y,y,n,n,y,y
36566952,From descendants,"Adenocarcinoid tumor of rectum, NOS",Condition,ICDO3,standard,y,y,n,n,y,y
40492939,From descendants,Carcinoma of upper rectum,Condition,SNOMED,standard,y,y,n,n,y,y
42512189,From descendants,"Micropapillary carcinoma, NOS, of rectum, NOS",Condition,ICDO3,standard,y,y,n,n,y,y
44499480,From descendants,"Carcinoma, NOS, of rectum, NOS",Condition,ICDO3,standard,y,y,n,n,y,y
44499501,From descendants,"Adenocarcinoma in adenomatous polyp of rectum, NOS",Condition,ICDO3,standard,y,y,n,n,y,y
44499865,From descendants,"Carcinoma, undifferentiated, NOS, of rectum, NOS",Condition,ICDO3,standard,y,y,n,n,y,y
44499893,From descendants,"Adenocarcinoma in tubulovillous adenoma of rectum, NOS",Condition,ICDO3,standard,y,y,n,n,y,y
44500071,From descendants,"Mucinous adenocarcinoma of rectum, NOS",Condition,ICDO3,standard,y,y,n,n,y,y
44500130,From descendants,"Adenocarcinoma, NOS, of rectum, NOS",Condition,ICDO3,standard,y,y,n,n,y,y
44500461,From descendants,"Medullary carcinoma, NOS, of rectum, NOS",Condition,ICDO3,standard,y,y,n,n,y,y
44500640,From descendants,"Cloacogenic carcinoma of rectum, NOS",Condition,ICDO3,standard,y,y,n,n,y,y
44500642,From descendants,"Scirrhous adenocarcinoma of rectum, NOS",Condition,ICDO3,standard,y,y,n,n,y,y
44501148,From descendants,"Mucin-producing adenocarcinoma of rectum, NOS",Condition,ICDO3,standard,y,y,n,n,y,y
44501495,From descendants,"Adenocarcinoma with mixed subtypes of rectum, NOS",Condition,ICDO3,standard,y,y,n,n,y,y
44501660,From descendants,"Adenosquamous carcinoma of rectum, NOS",Condition,ICDO3,standard,y,y,n,n,y,y
44501798,From descendants,"Adenocarcinoma in villous adenoma of rectum, NOS",Condition,ICDO3,standard,y,y,n,n,y,y
44502326,From descendants,"Basaloid carcinoma of rectum, NOS",Condition,ICDO3,standard,y,y,n,n,y,y
44504421,From descendants,"Adenocarcinoma, intestinal type of rectum, NOS",Condition,ICDO3,standard,y,y,n,n,y,y
36518202,From descendants,"Pleomorphic carcinoma of overlapping lesion of rectum, anus and anal canal",Condition,ICDO3,standard,y,y,n,n,n,n
36518242,From descendants,"Adenocarcinoma with cartilaginous and osseous metaplasia of overlapping lesion of rectum, anus and anal canal",Condition,ICDO3,standard,y,y,n,n,n,n
36520214,From descendants,"Infiltrating duct carcinoma, NOS, of overlapping lesion of rectum, anus and anal canal",Condition,ICDO3,standard,y,y,n,n,n,n
36521380,From descendants,"Adenocarcinoid tumor of overlapping lesion of rectum, anus and anal canal",Condition,ICDO3,standard,y,y,n,n,n,n
36522149,From descendants,"Schneiderian carcinoma of overlapping lesion of rectum, anus and anal canal",Condition,ICDO3,standard,y,y,n,n,n,n
36523668,From descendants,"Adenocarcinoma, intestinal type of overlapping lesion of rectum, anus and anal canal",Condition,ICDO3,standard,y,y,n,n,n,n
36524140,From descendants,"Epithelioma, malignant of overlapping lesion of rectum, anus and anal canal",Condition,ICDO3,standard,y,y,n,n,n,n
36525939,From descendants,"Malignant histiocytosis of overlapping lesion of rectum, anus and anal canal",Condition,ICDO3,standard,n,n,n,n,n,n
36527695,From descendants,"Adenocarcinoma with mixed subtypes of overlapping lesion of rectum, anus and anal canal",Condition,ICDO3,standard,y,y,n,n,n,n
36528878,From descendants,"Scirrhous adenocarcinoma of overlapping lesion of rectum, anus and anal canal",Condition,ICDO3,standard,y,y,n,n,n,n
36529110,From descendants,"Basaloid carcinoma of overlapping lesion of rectum, anus and anal canal",Condition,ICDO3,standard,y,y,n,n,n,n
36530734,From descendants,"Epithelial-myoepithelial carcinoma of overlapping lesion of rectum, anus and anal canal",Condition,ICDO3,standard,y,y,n,n,n,n
36533204,From descendants,"Mucinous adenocarcinoma of overlapping lesion of rectum, anus and anal canal",Condition,ICDO3,standard,y,y,n,n,n,n
36537056,From descendants,"Adenocarcinoma with apocrine metaplasia of overlapping lesion of rectum, anus and anal canal",Condition,ICDO3,standard,y,y,n,n,n,n
36537517,From descendants,"Papillary adenocarcinoma, NOS, of overlapping lesion of rectum, anus and anal canal",Condition,ICDO3,standard,y,y,n,n,n,n
36539493,From descendants,"Hepatoid adenocarcinoma of overlapping lesion of rectum, anus and anal canal",Condition,ICDO3,standard,y,y,n,n,n,n
36539570,From descendants,"Adenocarcinoma in tubulovillous adenoma of overlapping lesion of rectum, anus and anal canal",Condition,ICDO3,standard,y,y,n,n,n,n
36540596,From descendants,"Carcinoma, anaplastic, NOS, of overlapping lesion of rectum, anus and anal canal",Condition,ICDO3,standard,y,y,n,n,n,n
36541298,From descendants,"Intraductal papillary adenocarcinoma with invasion of overlapping lesion of rectum, anus and anal canal",Condition,ICDO3,standard,y,y,n,n,n,n
36541547,From descendants,"Superficial spreading adenocarcinoma of overlapping lesion of rectum, anus and anal canal",Condition,ICDO3,standard,y,y,n,n,n,n
36542536,From descendants,"Adenocarcinoma with squamous metaplasia of overlapping lesion of rectum, anus and anal canal",Condition,ICDO3,standard,y,y,n,n,n,n
36544651,From descendants,"Carcinoma, NOS, of overlapping lesion of rectum, anus and anal canal",Condition,ICDO3,standard,y,y,n,n,n,n
36546270,From descendants,"Adenosquamous carcinoma of overlapping lesion of rectum, anus and anal canal",Condition,ICDO3,standard,y,y,n,n,n,n
36548624,From descendants,"Verrucous carcinoma, NOS, of overlapping lesion of rectum, anus and anal canal",Condition,ICDO3,standard,y,y,n,n,n,n
36549567,From descendants,"Carcinoma, undifferentiated, NOS, of overlapping lesion of rectum, anus and anal canal",Condition,ICDO3,standard,y,y,n,n,n,n
36553932,From descendants,"Mucoepidermoid carcinoma of overlapping lesion of rectum, anus and anal canal",Condition,ICDO3,standard,y,y,n,n,n,n
36554803,From descendants,"Adenocarcinoma in adenomatous polyp of overlapping lesion of rectum, anus and anal canal",Condition,ICDO3,standard,y,y,n,n,n,n
36555700,From descendants,"Metaplastic carcinoma, NOS, of overlapping lesion of rectum, anus and anal canal",Condition,ICDO3,standard,y,y,n,n,n,n
36561069,From descendants,"Papillary carcinoma, NOS, of overlapping lesion of rectum, anus and anal canal",Condition,ICDO3,standard,y,y,n,n,n,n
36562102,From descendants,"Mucin-producing adenocarcinoma of overlapping lesion of rectum, anus and anal canal",Condition,ICDO3,standard,y,y,n,n,n,n
36562779,From descendants,"Cloacogenic carcinoma of overlapping lesion of rectum, anus and anal canal",Condition,ICDO3,standard,y,y,n,n,n,n
36564190,From descendants,"Adenocarcinoma, NOS, of overlapping lesion of rectum, anus and anal canal",Condition,ICDO3,standard,y,y,n,n,n,n
36564327,From descendants,"Carcinoma, diffuse type of overlapping lesion of rectum, anus and anal canal",Condition,ICDO3,standard,y,y,n,n,n,n
36566324,From descendants,"Villous adenocarcinoma of overlapping lesion of rectum, anus and anal canal",Condition,ICDO3,standard,y,y,n,n,n,n
36567298,From descendants,"Adenocarcinoma in villous adenoma of overlapping lesion of rectum, anus and anal canal",Condition,ICDO3,standard,y,y,n,n,n,n
40487050,From descendants,Anorectal adenocarcinoma,Condition,SNOMED,standard,y,y,n,n,n,n
607280,From initial search,Histologic grade of primary malignant neoplasm of colon using World Health Organization classification of tumors system fifth edition method,Observation,SNOMED,standard,n,y,y,y,n,n
602145,From initial search,Histologic type of primary malignant neoplasm of colon,Observation,SNOMED,standard,y,y,y,y,n,n
602266,From initial search,Presence of direct invasion by primary malignant neoplasm of colon to blood vessel in pericolic tissue,Observation,SNOMED,standard,n,n,n,n,n,n
602275,From initial search,Histologic grade of primary malignant neoplasm of colon,Observation,SNOMED,standard,n,y,y,y,n,n
602276,From initial search,Presence of direct invasion by primary malignant neoplasm of colon to blood vessel of colonic submucosa and/or colonic muscularis propria,Observation,SNOMED,standard,y,y,y,y,n,n
607679,From initial search,Presence of direct invasion by primary malignant neoplasm of colon to lymphatic vessel and/or small blood vessel,Observation,SNOMED,standard,y,y,y,y,n,n
607680,From initial search,Presence of direct invasion by primary malignant neoplasm of colon to nerve,Observation,SNOMED,standard,y,y,y,y,n,n
608440,From initial search,Anatomic location directly invaded by primary malignant neoplasm of colon,Observation,SNOMED,standard,y,y,y,y,n,n
432837,From orphan concepts,Primary malignant neoplasm of cecum,Condition,SNOMED,standard,y,y,y,y,n,n
443391,From orphan concepts,Malignant tumor of cecum,Condition,SNOMED,standard,y,y,y,y,n,n
4116240,From orphan concepts,Carcinoma of cecum,Condition,SNOMED,standard,y,y,y,y,n,n
4246125,From orphan concepts,Primary malignant neoplasm of large intestine,Condition,SNOMED,standard,y,y,y,y,n,n
937656,From orphan concepts,Adenoma(s) or colorectal cancer detected during screening colonoscopy,Observation,SNOMED,standard,y,y,n,n,n,n
4196264,From orphan concepts,Metastasis from malignant tumor of colon,Condition,SNOMED,standard,n,y,n,y,n,n
44501649,From orphan concepts,Mucin-producing adenocarcinoma of cecum,Condition,ICDO3,standard,y,y,y,y,n,n
44501728,From orphan concepts,Adenocarcinoma in villous adenoma of cecum,Condition,ICDO3,standard,y,y,y,y,n,n
44502705,From orphan concepts,Adenocarcinoma in tubulovillous adenoma of cecum,Condition,ICDO3,standard,y,y,y,y,n,n
44502707,From orphan concepts,Mucinous adenocarcinoma of cecum,Condition,ICDO3,standard,y,y,y,y,n,n
44503025,From orphan concepts,"	Signet ring cell carcinoma of cecum",Condition,ICDO3,standard,y,y,y,y,n,n
44503028,From orphan concepts,"	Signet ring cell carcinoma of sigmoid colon",Condition,ICDO3,standard,y,y,y,y,n,n
44504337,From orphan concepts,"Adenocarcinoma, NOS, of cecum",Condition,ICDO3,standard,y,y,y,y,n,n
4256776,From orphan concepts,Adenocarcinoma of large intestine,Condition,SNOMED,standard,y,y,n,n,n,n
443396,From orphan concepts,Malignant tumor of large intestine,Condition,SNOMED,standard,y,y,n,n,n,n
36554045,From orphan concepts,"Squamous cell carcinoma, NOS, of overlapping lesion of rectum, anus and anal canal",Condition,ICDO3,standard,y,y,n,n,y,y
